#
# There is insufficient memory for the Java Runtime Environment to continue.
# Native memory allocation (malloc) failed to allocate 1453136 bytes. Error detail: Chunk::new
# Possible reasons:
#   The system is out of physical RAM or swap space
#   This process is running with CompressedOops enabled, and the Java Heap may be blocking the growth of the native heap
# Possible solutions:
#   Reduce memory load on the system
#   Increase physical memory or swap space
#   Check if swap backing store is full
#   Decrease Java heap size (-Xmx/-Xms)
#   Decrease number of Java threads
#   Decrease Java thread stack sizes (-Xss)
#   Set larger code cache with -XX:ReservedCodeCacheSize=
#   JVM is running with Unscaled Compressed Oops mode in which the Java heap is
#     placed in the first 4GB address space. The Java Heap base address is the
#     maximum limit for the native heap growth. Please use -XX:HeapBaseMinAddress
#     to set the Java Heap base and to place the Java Heap above 4GB virtual address.
# This output file may be truncated or incomplete.
#
#  Out of Memory Error (arena.cpp:168), pid=10140, tid=16456
#
# JRE version: OpenJDK Runtime Environment (21.0.10) (build 21.0.10+-14961533-b1163.108)
# Java VM: OpenJDK 64-Bit Server VM (21.0.10+-14961533-b1163.108, mixed mode, tiered, compressed oops, compressed class ptrs, g1 gc, windows-amd64)
# No core dump will be written. Minidumps are not enabled by default on client versions of Windows
#

---------------  S U M M A R Y ------------

Command Line: --add-opens=java.base/java.lang=ALL-UNNAMED --add-opens=java.base/java.lang.invoke=ALL-UNNAMED --add-opens=java.base/java.util=ALL-UNNAMED --add-opens=java.prefs/java.util.prefs=ALL-UNNAMED --add-exports=jdk.compiler/com.sun.tools.javac.api=ALL-UNNAMED --add-exports=jdk.compiler/com.sun.tools.javac.util=ALL-UNNAMED --add-opens=java.base/java.util=ALL-UNNAMED --add-opens=java.prefs/java.util.prefs=ALL-UNNAMED --add-opens=java.base/java.nio.charset=ALL-UNNAMED --add-opens=java.base/java.net=ALL-UNNAMED --add-opens=java.base/java.util.concurrent=ALL-UNNAMED --add-opens=java.base/java.util.concurrent.atomic=ALL-UNNAMED --add-opens=java.xml/javax.xml.namespace=ALL-UNNAMED --add-opens=java.base/java.time=ALL-UNNAMED -Xmx2048m -Dfile.encoding=UTF-8 -Duser.country=FR -Duser.language=fr -Duser.variant -javaagent:C:\Users\HP\.gradle\wrapper\dists\gradle-9.3.1-bin\23ovyewtku6u96viwx3xl3oks\gradle-9.3.1\lib\agents\gradle-instrumentation-agent-9.3.1.jar org.gradle.launcher.daemon.bootstrap.GradleDaemon 9.3.1

Host: AMD Athlon Silver 3050U with Radeon Graphics   , 2 cores, 3G,  Windows 11 , 64 bit Build 26100 (10.0.26100.8328)
Time: Thu May 28 09:56:31 2026 elapsed time: 101.169346 seconds (0d 0h 1m 41s)

---------------  T H R E A D  ---------------

Current thread (0x00000221bf5ef390):  JavaThread "C2 CompilerThread0" daemon [_thread_in_native, id=16456, stack(0x000000d953500000,0x000000d953600000) (1024K)]


Current CompileTask:
C2:101170 15457       4       java.lang.invoke.MethodHandleImpl::makePairwiseConvertByEditor (617 bytes)

Stack: [0x000000d953500000,0x000000d953600000]
Native frames: (J=compiled Java code, j=interpreted, Vv=VM code, C=native code)
V  [jvm.dll+0x6d78a9]
V  [jvm.dll+0x8665b3]
V  [jvm.dll+0x868bde]
V  [jvm.dll+0x8692c3]
V  [jvm.dll+0x280ee6]
V  [jvm.dll+0xc07cd]
V  [jvm.dll+0xc0d03]
V  [jvm.dll+0x3ba091]
V  [jvm.dll+0x385df7]
V  [jvm.dll+0x38526a]
V  [jvm.dll+0x249bd2]
V  [jvm.dll+0x2491a1]
V  [jvm.dll+0x1c76e4]
V  [jvm.dll+0x25891e]
V  [jvm.dll+0x256e66]
V  [jvm.dll+0x3f513e]
V  [jvm.dll+0x80fd28]
V  [jvm.dll+0x6d60fd]
C  [ucrtbase.dll+0x37b0]
C  [KERNEL32.DLL+0x2e957]
C  [ntdll.dll+0x427c]


---------------  P R O C E S S  ---------------

Threads class SMR info:
_java_thread_list=0x00000221ce3fe8b0, length=62, elements={
0x00000221a6855500, 0x00000221bf5d8070, 0x00000221bf49b470, 0x00000221bf49ca40,
0x00000221bf5eaac0, 0x00000221bf5eb130, 0x00000221bf5edba0, 0x00000221bf5ee600,
0x00000221bf5ef390, 0x00000221bf66f3d0, 0x00000221bf8bb2e0, 0x00000221c4209390,
0x00000221c52e30c0, 0x00000221c5847520, 0x00000221c5fc1540, 0x00000221bf973490,
0x00000221c4d5d3a0, 0x00000221c58204a0, 0x00000221c5822570, 0x00000221c5820b30,
0x00000221c58211c0, 0x00000221c5823920, 0x00000221c5821850, 0x00000221c5821ee0,
0x00000221c736d9e0, 0x00000221c736fab0, 0x00000221c7370140, 0x00000221c736e070,
0x00000221c7370e60, 0x00000221c736e700, 0x00000221c73707d0, 0x00000221bf80fee0,
0x00000221bf810c00, 0x00000221bf811290, 0x00000221c713e440, 0x00000221c7141f50,
0x00000221c7140510, 0x00000221c7140ba0, 0x00000221c713f7f0, 0x00000221c713ead0,
0x00000221c7144d40, 0x00000221c71453d0, 0x00000221c7143300, 0x00000221c8125b80,
0x00000221c71418c0, 0x00000221c6d69a90, 0x00000221c6d6ae40, 0x00000221c6d6a120,
0x00000221c6d6b4d0, 0x00000221c8129690, 0x00000221c812aa40, 0x00000221c8129d20,
0x00000221c91c5690, 0x00000221c91c6a40, 0x00000221c9951e40, 0x00000221c99517b0,
0x00000221cf2a9b70, 0x00000221c9953880, 0x00000221c994e9c0, 0x00000221c994fd70,
0x00000221c6d69400, 0x00000221c9953f10
}

Java Threads: ( => current thread )
  0x00000221a6855500 JavaThread "main"                              [_thread_blocked, id=2672, stack(0x000000d952600000,0x000000d952700000) (1024K)]
  0x00000221bf5d8070 JavaThread "Common-Cleaner"             daemon [_thread_blocked, id=4668, stack(0x000000d952e00000,0x000000d952f00000) (1024K)]
  0x00000221bf49b470 JavaThread "Reference Handler"          daemon [_thread_blocked, id=4416, stack(0x000000d952f00000,0x000000d953000000) (1024K)]
  0x00000221bf49ca40 JavaThread "Finalizer"                  daemon [_thread_blocked, id=13340, stack(0x000000d953000000,0x000000d953100000) (1024K)]
  0x00000221bf5eaac0 JavaThread "Signal Dispatcher"          daemon [_thread_blocked, id=16872, stack(0x000000d953100000,0x000000d953200000) (1024K)]
  0x00000221bf5eb130 JavaThread "Attach Listener"            daemon [_thread_blocked, id=18036, stack(0x000000d953200000,0x000000d953300000) (1024K)]
  0x00000221bf5edba0 JavaThread "Service Thread"             daemon [_thread_blocked, id=4064, stack(0x000000d953300000,0x000000d953400000) (1024K)]
  0x00000221bf5ee600 JavaThread "Monitor Deflation Thread"   daemon [_thread_blocked, id=15912, stack(0x000000d953400000,0x000000d953500000) (1024K)]
=>0x00000221bf5ef390 JavaThread "C2 CompilerThread0"         daemon [_thread_in_native, id=16456, stack(0x000000d953500000,0x000000d953600000) (1024K)]
  0x00000221bf66f3d0 JavaThread "C1 CompilerThread0"         daemon [_thread_blocked, id=17416, stack(0x000000d953600000,0x000000d953700000) (1024K)]
  0x00000221bf8bb2e0 JavaThread "Notification Thread"        daemon [_thread_blocked, id=6480, stack(0x000000d953700000,0x000000d953800000) (1024K)]
  0x00000221c4209390 JavaThread "Daemon health stats"               [_thread_blocked, id=18572, stack(0x000000d953900000,0x000000d953a00000) (1024K)]
  0x00000221c52e30c0 JavaThread "Incoming local TCP Connector on port 52068"        [_thread_in_native, id=18576, stack(0x000000d953a00000,0x000000d953b00000) (1024K)]
  0x00000221c5847520 JavaThread "Daemon periodic checks"            [_thread_blocked, id=18624, stack(0x000000d953b00000,0x000000d953c00000) (1024K)]
  0x00000221c5fc1540 JavaThread "Daemon"                            [_thread_blocked, id=18648, stack(0x000000d953c00000,0x000000d953d00000) (1024K)]
  0x00000221bf973490 JavaThread "Handler for socket connection from /127.0.0.1:52068 to /127.0.0.1:52069"        [_thread_in_native, id=18652, stack(0x000000d953d00000,0x000000d953e00000) (1024K)]
  0x00000221c4d5d3a0 JavaThread "Cancel handler"                    [_thread_blocked, id=18660, stack(0x000000d953e00000,0x000000d953f00000) (1024K)]
  0x00000221c58204a0 JavaThread "Daemon worker"                     [_thread_blocked, id=18664, stack(0x000000d953f00000,0x000000d954000000) (1024K)]
  0x00000221c5822570 JavaThread "Asynchronous log dispatcher for DefaultDaemonConnection: socket connection from /127.0.0.1:52068 to /127.0.0.1:52069"        [_thread_blocked, id=18668, stack(0x000000d954000000,0x000000d954100000) (1024K)]
  0x00000221c5820b30 JavaThread "Stdin handler"                     [_thread_blocked, id=18672, stack(0x000000d954100000,0x000000d954200000) (1024K)]
  0x00000221c58211c0 JavaThread "Daemon client event forwarder"        [_thread_blocked, id=18676, stack(0x000000d954200000,0x000000d954300000) (1024K)]
  0x00000221c5823920 JavaThread "Cache worker for journal cache (C:\Users\HP\.gradle\caches\journal-1)"        [_thread_blocked, id=18712, stack(0x000000d954300000,0x000000d954400000) (1024K)]
  0x00000221c5821850 JavaThread "File lock request listener"        [_thread_in_native, id=18716, stack(0x000000d954400000,0x000000d954500000) (1024K)]
  0x00000221c5821ee0 JavaThread "Cache worker for file hash cache (C:\Users\HP\.gradle\caches\9.3.1\fileHashes)"        [_thread_blocked, id=18724, stack(0x000000d954500000,0x000000d954600000) (1024K)]
  0x00000221c736d9e0 JavaThread "Cache worker for file hash cache (C:\Users\HP\AndroidStudioProjects\Entreprise\.gradle\9.3.1\fileHashes)"        [_thread_blocked, id=18804, stack(0x000000d954600000,0x000000d954700000) (1024K)]
  0x00000221c736fab0 JavaThread "Cache worker for Build Output Cleanup Cache (C:\Users\HP\AndroidStudioProjects\Entreprise\.gradle\buildOutputCleanup)"        [_thread_blocked, id=18808, stack(0x000000d954700000,0x000000d954800000) (1024K)]
  0x00000221c7370140 JavaThread "File watcher server"        daemon [_thread_in_native, id=18812, stack(0x000000d954800000,0x000000d954900000) (1024K)]
  0x00000221c736e070 JavaThread "File watcher consumer"      daemon [_thread_blocked, id=18816, stack(0x000000d954900000,0x000000d954a00000) (1024K)]
  0x00000221c7370e60 JavaThread "Cache worker for checksums cache (C:\Users\HP\AndroidStudioProjects\Entreprise\.gradle\9.3.1\checksums)"        [_thread_blocked, id=18828, stack(0x000000d954a00000,0x000000d954b00000) (1024K)]
  0x00000221c736e700 JavaThread "Cache worker for file content cache (C:\Users\HP\.gradle\caches\9.3.1\fileContent)"        [_thread_blocked, id=18836, stack(0x000000d954b00000,0x000000d954c00000) (1024K)]
  0x00000221c73707d0 JavaThread "Cache worker for cache directory md-supplier (C:\Users\HP\.gradle\caches\9.3.1\md-supplier)"        [_thread_blocked, id=18844, stack(0x000000d954c00000,0x000000d954d00000) (1024K)]
  0x00000221bf80fee0 JavaThread "Cache worker for cache directory md-rule (C:\Users\HP\.gradle\caches\9.3.1\md-rule)"        [_thread_blocked, id=18848, stack(0x000000d954d00000,0x000000d954e00000) (1024K)]
  0x00000221bf810c00 JavaThread "jar transforms"                    [_thread_blocked, id=18860, stack(0x000000d954e00000,0x000000d954f00000) (1024K)]
  0x00000221bf811290 JavaThread "jar transforms Thread 2"           [_thread_blocked, id=18868, stack(0x000000d954f00000,0x000000d955000000) (1024K)]
  0x00000221c713e440 JavaThread "Unconstrained build operations"        [_thread_blocked, id=19160, stack(0x000000d955000000,0x000000d955100000) (1024K)]
  0x00000221c7141f50 JavaThread "Unconstrained build operations Thread 2"        [_thread_blocked, id=19164, stack(0x000000d955100000,0x000000d955200000) (1024K)]
  0x00000221c7140510 JavaThread "Unconstrained build operations Thread 3"        [_thread_blocked, id=19184, stack(0x000000d955200000,0x000000d955300000) (1024K)]
  0x00000221c7140ba0 JavaThread "Unconstrained build operations Thread 4"        [_thread_blocked, id=19288, stack(0x000000d955400000,0x000000d955500000) (1024K)]
  0x00000221c713f7f0 JavaThread "Unconstrained build operations Thread 5"        [_thread_blocked, id=19304, stack(0x000000d955500000,0x000000d955600000) (1024K)]
  0x00000221c713ead0 JavaThread "Unconstrained build operations Thread 6"        [_thread_blocked, id=19320, stack(0x000000d955600000,0x000000d955700000) (1024K)]
  0x00000221c7144d40 JavaThread "Unconstrained build operations Thread 7"        [_thread_blocked, id=19388, stack(0x000000d955700000,0x000000d955800000) (1024K)]
  0x00000221c71453d0 JavaThread "Unconstrained build operations Thread 8"        [_thread_blocked, id=19400, stack(0x000000d955800000,0x000000d955900000) (1024K)]
  0x00000221c7143300 JavaThread "Unconstrained build operations Thread 9"        [_thread_blocked, id=19412, stack(0x000000d955900000,0x000000d955a00000) (1024K)]
  0x00000221c8125b80 JavaThread "Memory manager"                    [_thread_blocked, id=18692, stack(0x000000d955b00000,0x000000d955c00000) (1024K)]
  0x00000221c71418c0 JavaThread "pool-3-thread-1"                   [_thread_blocked, id=17724, stack(0x000000d955e00000,0x000000d955f00000) (1024K)]
  0x00000221c6d69a90 JavaThread "included builds"                   [_thread_blocked, id=17164, stack(0x000000d956000000,0x000000d956100000) (1024K)]
  0x00000221c6d6ae40 JavaThread "Execution worker"                  [_thread_blocked, id=11344, stack(0x000000d956100000,0x000000d956200000) (1024K)]
  0x00000221c6d6a120 JavaThread "Cache worker for execution history cache (C:\Users\HP\AndroidStudioProjects\Entreprise\.gradle\9.3.1\executionHistory)"        [_thread_blocked, id=10072, stack(0x000000d956200000,0x000000d956300000) (1024K)]
  0x00000221c6d6b4d0 JavaThread "Unconstrained build operations Thread 10"        [_thread_blocked, id=9788, stack(0x000000d956300000,0x000000d956400000) (1024K)]
  0x00000221c8129690 JavaThread "Unconstrained build operations Thread 11"        [_thread_blocked, id=18936, stack(0x000000d956400000,0x000000d956500000) (1024K)]
  0x00000221c812aa40 JavaThread "WorkerExecutor Queue"              [_thread_blocked, id=18872, stack(0x000000d956500000,0x000000d956600000) (1024K)]
  0x00000221c8129d20 JavaThread "Unconstrained build operations Thread 12"        [_thread_blocked, id=14764, stack(0x000000d956600000,0x000000d956700000) (1024K)]
  0x00000221c91c5690 JavaThread "Unconstrained build operations Thread 13"        [_thread_blocked, id=1432, stack(0x000000d956700000,0x000000d956800000) (1024K)]
  0x00000221c91c6a40 JavaThread "Unconstrained build operations Thread 14"        [_thread_blocked, id=6764, stack(0x000000d956800000,0x000000d956900000) (1024K)]
  0x00000221c9951e40 JavaThread "Unconstrained build operations Thread 15"        [_thread_blocked, id=2348, stack(0x000000d956900000,0x000000d956a00000) (1024K)]
  0x00000221c99517b0 JavaThread "Unconstrained build operations Thread 16"        [_thread_blocked, id=17184, stack(0x000000d956a00000,0x000000d956b00000) (1024K)]
  0x00000221cf2a9b70 JavaThread "Unconstrained build operations Thread 17"        [_thread_blocked, id=17208, stack(0x000000d956b00000,0x000000d956c00000) (1024K)]
  0x00000221c9953880 JavaThread "Unconstrained build operations Thread 18"        [_thread_blocked, id=19084, stack(0x000000d956c00000,0x000000d956d00000) (1024K)]
  0x00000221c994e9c0 JavaThread "Unconstrained build operations Thread 19"        [_thread_blocked, id=16796, stack(0x000000d956d00000,0x000000d956e00000) (1024K)]
  0x00000221c994fd70 JavaThread "Unconstrained build operations Thread 20"        [_thread_blocked, id=5308, stack(0x000000d956e00000,0x000000d956f00000) (1024K)]
  0x00000221c6d69400 JavaThread "WorkerExecutor Queue Thread 2"        [_thread_blocked, id=15892, stack(0x000000d956f00000,0x000000d957000000) (1024K)]
  0x00000221c9953f10 JavaThread "pool-2-thread-1"                   [_thread_in_vm, id=17260, stack(0x000000d955a00000,0x000000d955b00000) (1024K)]
Total: 62

Other Threads:
  0x00000221bf41e110 VMThread "VM Thread"                           [id=18304, stack(0x000000d952d00000,0x000000d952e00000) (1024K)] _threads_hazard_ptr=0x00000221ce3fe8b0
  0x00000221bf3c1100 WatcherThread "VM Periodic Task Thread"        [id=3476, stack(0x000000d952c00000,0x000000d952d00000) (1024K)]
  0x00000221a8b75200 WorkerThread "GC Thread#0"                     [id=14160, stack(0x000000d952700000,0x000000d952800000) (1024K)]
  0x00000221c4245d00 WorkerThread "GC Thread#1"                     [id=15708, stack(0x000000d953800000,0x000000d953900000) (1024K)]
  0x00000221a691bfa0 ConcurrentGCThread "G1 Main Marker"            [id=16536, stack(0x000000d952800000,0x000000d952900000) (1024K)]
  0x00000221a691d800 WorkerThread "G1 Conc#0"                       [id=17132, stack(0x000000d952900000,0x000000d952a00000) (1024K)]
  0x00000221a8bd3ec0 ConcurrentGCThread "G1 Refine#0"               [id=11364, stack(0x000000d952a00000,0x000000d952b00000) (1024K)]
  0x00000221a8bd5790 ConcurrentGCThread "G1 Service"                [id=17752, stack(0x000000d952b00000,0x000000d952c00000) (1024K)]
Total: 8

Threads with active compile tasks:
C2 CompilerThread0  101225 15457       4       java.lang.invoke.MethodHandleImpl::makePairwiseConvertByEditor (617 bytes)
Total: 1

VM state: not at safepoint (normal execution)

VM Mutex/Monitor currently owned by a thread: None

Heap address: 0x0000000080000000, size: 2048 MB, Compressed Oops mode: 32-bit

CDS archive(s) not mapped
Compressed class space mapped at: 0x0000000100000000-0x0000000140000000, reserved size: 1073741824
Narrow klass base: 0x0000000000000000, Narrow klass shift: 3, Narrow klass range: 0x140000000

GC Precious Log:
 CardTable entry size: 512
 Card Set container configuration: InlinePtr #cards 5 size 8 Array Of Cards #cards 12 size 40 Howl #buckets 4 coarsen threshold 1843 Howl Bitmap #cards 512 size 80 coarsen threshold 460 Card regions per heap region 1 cards per card region 2048
 CPUs: 2 total, 2 available
 Memory: 3500M
 Large Page Support: Disabled
 NUMA Support: Disabled
 Compressed Oops: Enabled (32-bit)
 Heap Region Size: 1M
 Heap Min Capacity: 8M
 Heap Initial Capacity: 56M
 Heap Max Capacity: 2G
 Pre-touch: Disabled
 Parallel Workers: 2
 Concurrent Workers: 1
 Concurrent Refinement Workers: 2
 Periodic GC: Disabled

Heap:
 garbage-first heap   total 310272K, used 285269K [0x0000000080000000, 0x0000000100000000)
  region size 1024K, 163 young (166912K), 9 survivors (9216K)
 Metaspace       used 129857K, committed 132224K, reserved 1179648K
  class space    used 17985K, committed 19136K, reserved 1048576K

Heap Regions: E=young(eden), S=young(survivor), O=old, HS=humongous(starts), HC=humongous(continues), CS=collection set, F=free, TAMS=top-at-mark-start, PB=parsable bottom
|   0|0x0000000080000000, 0x0000000080100000, 0x0000000080100000|100%| O|  |TAMS 0x0000000080000000| PB 0x0000000080000000| Untracked 
|   1|0x0000000080100000, 0x0000000080200000, 0x0000000080200000|100%|HS|  |TAMS 0x0000000080100000| PB 0x0000000080100000| Complete 
|   2|0x0000000080200000, 0x0000000080300000, 0x0000000080300000|100%|HC|  |TAMS 0x0000000080200000| PB 0x0000000080200000| Complete 
|   3|0x0000000080300000, 0x0000000080400000, 0x0000000080400000|100%|HC|  |TAMS 0x0000000080300000| PB 0x0000000080300000| Complete 
|   4|0x0000000080400000, 0x0000000080500000, 0x0000000080500000|100%|HC|  |TAMS 0x0000000080400000| PB 0x0000000080400000| Complete 
|   5|0x0000000080500000, 0x0000000080600000, 0x0000000080600000|100%| O|  |TAMS 0x0000000080500000| PB 0x0000000080500000| Untracked 
|   6|0x0000000080600000, 0x0000000080700000, 0x0000000080700000|100%| O|  |TAMS 0x0000000080600000| PB 0x0000000080600000| Untracked 
|   7|0x0000000080700000, 0x0000000080800000, 0x0000000080800000|100%| O|  |TAMS 0x0000000080700000| PB 0x0000000080700000| Untracked 
|   8|0x0000000080800000, 0x0000000080900000, 0x0000000080900000|100%| O|  |TAMS 0x0000000080800000| PB 0x0000000080800000| Untracked 
|   9|0x0000000080900000, 0x0000000080a00000, 0x0000000080a00000|100%| O|  |TAMS 0x0000000080900000| PB 0x0000000080900000| Untracked 
|  10|0x0000000080a00000, 0x0000000080b00000, 0x0000000080b00000|100%| O|  |TAMS 0x0000000080a00000| PB 0x0000000080a00000| Untracked 
|  11|0x0000000080b00000, 0x0000000080c00000, 0x0000000080c00000|100%| O|  |TAMS 0x0000000080b00000| PB 0x0000000080b00000| Untracked 
|  12|0x0000000080c00000, 0x0000000080d00000, 0x0000000080d00000|100%|HS|  |TAMS 0x0000000080c00000| PB 0x0000000080c00000| Complete 
|  13|0x0000000080d00000, 0x0000000080e00000, 0x0000000080e00000|100%| O|  |TAMS 0x0000000080d00000| PB 0x0000000080d00000| Untracked 
|  14|0x0000000080e00000, 0x0000000080f00000, 0x0000000080f00000|100%| O|  |TAMS 0x0000000080e00000| PB 0x0000000080e00000| Untracked 
|  15|0x0000000080f00000, 0x0000000081000000, 0x0000000081000000|100%| O|  |TAMS 0x0000000080f00000| PB 0x0000000080f00000| Untracked 
|  16|0x0000000081000000, 0x0000000081100000, 0x0000000081100000|100%| O|  |TAMS 0x0000000081000000| PB 0x0000000081000000| Untracked 
|  17|0x0000000081100000, 0x0000000081200000, 0x0000000081200000|100%| O|  |TAMS 0x0000000081100000| PB 0x0000000081100000| Untracked 
|  18|0x0000000081200000, 0x0000000081300000, 0x0000000081300000|100%| O|  |TAMS 0x0000000081200000| PB 0x0000000081200000| Untracked 
|  19|0x0000000081300000, 0x0000000081400000, 0x0000000081400000|100%| O|  |TAMS 0x0000000081300000| PB 0x0000000081300000| Untracked 
|  20|0x0000000081400000, 0x0000000081500000, 0x0000000081500000|100%| O|  |TAMS 0x0000000081400000| PB 0x0000000081400000| Untracked 
|  21|0x0000000081500000, 0x0000000081600000, 0x0000000081600000|100%| O|  |TAMS 0x0000000081500000| PB 0x0000000081500000| Untracked 
|  22|0x0000000081600000, 0x0000000081700000, 0x0000000081700000|100%| O|  |TAMS 0x0000000081600000| PB 0x0000000081600000| Untracked 
|  23|0x0000000081700000, 0x0000000081800000, 0x0000000081800000|100%| O|  |TAMS 0x0000000081700000| PB 0x0000000081700000| Untracked 
|  24|0x0000000081800000, 0x0000000081900000, 0x0000000081900000|100%| O|  |TAMS 0x0000000081800000| PB 0x0000000081800000| Untracked 
|  25|0x0000000081900000, 0x0000000081a00000, 0x0000000081a00000|100%| O|  |TAMS 0x0000000081900000| PB 0x0000000081900000| Untracked 
|  26|0x0000000081a00000, 0x0000000081b00000, 0x0000000081b00000|100%| O|  |TAMS 0x0000000081a00000| PB 0x0000000081a00000| Untracked 
|  27|0x0000000081b00000, 0x0000000081c00000, 0x0000000081c00000|100%| O|  |TAMS 0x0000000081b00000| PB 0x0000000081b00000| Untracked 
|  28|0x0000000081c00000, 0x0000000081d00000, 0x0000000081d00000|100%| O|  |TAMS 0x0000000081c00000| PB 0x0000000081c00000| Untracked 
|  29|0x0000000081d00000, 0x0000000081e00000, 0x0000000081e00000|100%| O|  |TAMS 0x0000000081d00000| PB 0x0000000081d00000| Untracked 
|  30|0x0000000081e00000, 0x0000000081f00000, 0x0000000081f00000|100%| O|  |TAMS 0x0000000081e00000| PB 0x0000000081e00000| Untracked 
|  31|0x0000000081f00000, 0x0000000082000000, 0x0000000082000000|100%| O|  |TAMS 0x0000000081f00000| PB 0x0000000081f00000| Untracked 
|  32|0x0000000082000000, 0x0000000082100000, 0x0000000082100000|100%| O|  |TAMS 0x0000000082000000| PB 0x0000000082000000| Untracked 
|  33|0x0000000082100000, 0x0000000082200000, 0x0000000082200000|100%|HS|  |TAMS 0x0000000082100000| PB 0x0000000082100000| Complete 
|  34|0x0000000082200000, 0x0000000082300000, 0x0000000082300000|100%|HC|  |TAMS 0x0000000082200000| PB 0x0000000082200000| Complete 
|  35|0x0000000082300000, 0x0000000082400000, 0x0000000082400000|100%| O|  |TAMS 0x0000000082300000| PB 0x0000000082300000| Untracked 
|  36|0x0000000082400000, 0x0000000082500000, 0x0000000082500000|100%| O|  |TAMS 0x0000000082400000| PB 0x0000000082400000| Untracked 
|  37|0x0000000082500000, 0x0000000082600000, 0x0000000082600000|100%| O|  |TAMS 0x0000000082500000| PB 0x0000000082500000| Untracked 
|  38|0x0000000082600000, 0x0000000082700000, 0x0000000082700000|100%| O|  |TAMS 0x0000000082600000| PB 0x0000000082600000| Untracked 
|  39|0x0000000082700000, 0x0000000082800000, 0x0000000082800000|100%|HS|  |TAMS 0x0000000082700000| PB 0x0000000082700000| Complete 
|  40|0x0000000082800000, 0x0000000082900000, 0x0000000082900000|100%| O|  |TAMS 0x0000000082800000| PB 0x0000000082800000| Untracked 
|  41|0x0000000082900000, 0x0000000082a00000, 0x0000000082a00000|100%| O|  |TAMS 0x0000000082900000| PB 0x0000000082900000| Untracked 
|  42|0x0000000082a00000, 0x0000000082b00000, 0x0000000082b00000|100%| O|  |TAMS 0x0000000082a00000| PB 0x0000000082a00000| Untracked 
|  43|0x0000000082b00000, 0x0000000082c00000, 0x0000000082c00000|100%| O|  |TAMS 0x0000000082b00000| PB 0x0000000082b00000| Untracked 
|  44|0x0000000082c00000, 0x0000000082d00000, 0x0000000082d00000|100%|HS|  |TAMS 0x0000000082c00000| PB 0x0000000082c00000| Complete 
|  45|0x0000000082d00000, 0x0000000082e00000, 0x0000000082e00000|100%| O|  |TAMS 0x0000000082d00000| PB 0x0000000082d00000| Untracked 
|  46|0x0000000082e00000, 0x0000000082f00000, 0x0000000082f00000|100%| O|  |TAMS 0x0000000082e00000| PB 0x0000000082e00000| Untracked 
|  47|0x0000000082f00000, 0x0000000083000000, 0x0000000083000000|100%| O|  |TAMS 0x0000000082f00000| PB 0x0000000082f00000| Untracked 
|  48|0x0000000083000000, 0x0000000083100000, 0x0000000083100000|100%| O|  |TAMS 0x0000000083000000| PB 0x0000000083000000| Untracked 
|  49|0x0000000083100000, 0x0000000083200000, 0x0000000083200000|100%| O|  |TAMS 0x0000000083100000| PB 0x0000000083100000| Untracked 
|  50|0x0000000083200000, 0x0000000083300000, 0x0000000083300000|100%| O|  |TAMS 0x0000000083200000| PB 0x0000000083200000| Untracked 
|  51|0x0000000083300000, 0x0000000083400000, 0x0000000083400000|100%| O|  |TAMS 0x0000000083300000| PB 0x0000000083300000| Untracked 
|  52|0x0000000083400000, 0x0000000083500000, 0x0000000083500000|100%|HS|  |TAMS 0x0000000083400000| PB 0x0000000083400000| Complete 
|  53|0x0000000083500000, 0x0000000083600000, 0x0000000083600000|100%| O|  |TAMS 0x0000000083500000| PB 0x0000000083500000| Untracked 
|  54|0x0000000083600000, 0x0000000083700000, 0x0000000083700000|100%| O|  |TAMS 0x0000000083600000| PB 0x0000000083600000| Untracked 
|  55|0x0000000083700000, 0x0000000083800000, 0x0000000083800000|100%|HS|  |TAMS 0x0000000083700000| PB 0x0000000083700000| Complete 
|  56|0x0000000083800000, 0x0000000083900000, 0x0000000083900000|100%|HC|  |TAMS 0x0000000083800000| PB 0x0000000083800000| Complete 
|  57|0x0000000083900000, 0x0000000083a00000, 0x0000000083a00000|100%| O|  |TAMS 0x0000000083900000| PB 0x0000000083900000| Untracked 
|  58|0x0000000083a00000, 0x0000000083b00000, 0x0000000083b00000|100%|HS|  |TAMS 0x0000000083a00000| PB 0x0000000083a00000| Complete 
|  59|0x0000000083b00000, 0x0000000083c00000, 0x0000000083c00000|100%| O|  |TAMS 0x0000000083b00000| PB 0x0000000083b00000| Untracked 
|  60|0x0000000083c00000, 0x0000000083d00000, 0x0000000083d00000|100%|HS|  |TAMS 0x0000000083c00000| PB 0x0000000083c00000| Complete 
|  61|0x0000000083d00000, 0x0000000083e00000, 0x0000000083e00000|100%|HS|  |TAMS 0x0000000083d00000| PB 0x0000000083d00000| Complete 
|  62|0x0000000083e00000, 0x0000000083f00000, 0x0000000083f00000|100%| O|  |TAMS 0x0000000083e00000| PB 0x0000000083e00000| Untracked 
|  63|0x0000000083f00000, 0x0000000084000000, 0x0000000084000000|100%| O|  |TAMS 0x0000000083f00000| PB 0x0000000083f00000| Untracked 
|  64|0x0000000084000000, 0x0000000084095420, 0x0000000084100000| 58%| O|  |TAMS 0x0000000084000000| PB 0x0000000084000000| Untracked 
|  65|0x0000000084100000, 0x0000000084200000, 0x0000000084200000|100%|HS|  |TAMS 0x0000000084100000| PB 0x0000000084100000| Complete 
|  66|0x0000000084200000, 0x0000000084300000, 0x0000000084300000|100%|HC|  |TAMS 0x0000000084200000| PB 0x0000000084200000| Complete 
|  67|0x0000000084300000, 0x0000000084400000, 0x0000000084400000|100%| O|  |TAMS 0x0000000084300000| PB 0x0000000084300000| Untracked 
|  68|0x0000000084400000, 0x0000000084500000, 0x0000000084500000|100%|HS|  |TAMS 0x0000000084400000| PB 0x0000000084400000| Complete 
|  69|0x0000000084500000, 0x0000000084600000, 0x0000000084600000|100%| O|  |TAMS 0x0000000084500000| PB 0x0000000084500000| Untracked 
|  70|0x0000000084600000, 0x0000000084700000, 0x0000000084700000|100%| O|  |TAMS 0x0000000084600000| PB 0x0000000084600000| Untracked 
|  71|0x0000000084700000, 0x0000000084800000, 0x0000000084800000|100%| O|  |TAMS 0x0000000084700000| PB 0x0000000084700000| Untracked 
|  72|0x0000000084800000, 0x0000000084900000, 0x0000000084900000|100%| O|  |TAMS 0x0000000084800000| PB 0x0000000084800000| Untracked 
|  73|0x0000000084900000, 0x0000000084a00000, 0x0000000084a00000|100%| O|  |TAMS 0x0000000084900000| PB 0x0000000084900000| Untracked 
|  74|0x0000000084a00000, 0x0000000084b00000, 0x0000000084b00000|100%| O|  |TAMS 0x0000000084a00000| PB 0x0000000084a00000| Untracked 
|  75|0x0000000084b00000, 0x0000000084c00000, 0x0000000084c00000|100%| O|  |TAMS 0x0000000084b00000| PB 0x0000000084b00000| Untracked 
|  76|0x0000000084c00000, 0x0000000084d00000, 0x0000000084d00000|100%| O|  |TAMS 0x0000000084c00000| PB 0x0000000084c00000| Untracked 
|  77|0x0000000084d00000, 0x0000000084e00000, 0x0000000084e00000|100%| O|  |TAMS 0x0000000084d00000| PB 0x0000000084d00000| Untracked 
|  78|0x0000000084e00000, 0x0000000084f00000, 0x0000000084f00000|100%| O|  |TAMS 0x0000000084e00000| PB 0x0000000084e00000| Untracked 
|  79|0x0000000084f00000, 0x0000000085000000, 0x0000000085000000|100%| O|  |TAMS 0x0000000084f00000| PB 0x0000000084f00000| Untracked 
|  80|0x0000000085000000, 0x0000000085100000, 0x0000000085100000|100%| O|  |TAMS 0x0000000085000000| PB 0x0000000085000000| Untracked 
|  81|0x0000000085100000, 0x0000000085200000, 0x0000000085200000|100%| O|  |TAMS 0x0000000085100000| PB 0x0000000085100000| Untracked 
|  82|0x0000000085200000, 0x0000000085300000, 0x0000000085300000|100%| O|  |TAMS 0x0000000085200000| PB 0x0000000085200000| Untracked 
|  83|0x0000000085300000, 0x0000000085400000, 0x0000000085400000|100%| O|  |TAMS 0x0000000085300000| PB 0x0000000085300000| Untracked 
|  84|0x0000000085400000, 0x0000000085500000, 0x0000000085500000|100%| O|  |TAMS 0x0000000085400000| PB 0x0000000085400000| Untracked 
|  85|0x0000000085500000, 0x0000000085600000, 0x0000000085600000|100%| O|  |TAMS 0x0000000085500000| PB 0x0000000085500000| Untracked 
|  86|0x0000000085600000, 0x0000000085700000, 0x0000000085700000|100%| O|  |TAMS 0x0000000085600000| PB 0x0000000085600000| Untracked 
|  87|0x0000000085700000, 0x0000000085800000, 0x0000000085800000|100%| O|  |TAMS 0x0000000085700000| PB 0x0000000085700000| Untracked 
|  88|0x0000000085800000, 0x0000000085900000, 0x0000000085900000|100%| O|  |TAMS 0x0000000085800000| PB 0x0000000085800000| Untracked 
|  89|0x0000000085900000, 0x0000000085a00000, 0x0000000085a00000|100%| O|Cm|TAMS 0x0000000085900000| PB 0x0000000085900000| Complete 
|  90|0x0000000085a00000, 0x0000000085a00000, 0x0000000085b00000|  0%| F|  |TAMS 0x0000000085a00000| PB 0x0000000085a00000| Untracked 
|  91|0x0000000085b00000, 0x0000000085c00000, 0x0000000085c00000|100%| O|  |TAMS 0x0000000085b00000| PB 0x0000000085b00000| Untracked 
|  92|0x0000000085c00000, 0x0000000085d00000, 0x0000000085d00000|100%| O|  |TAMS 0x0000000085c00000| PB 0x0000000085c00000| Untracked 
|  93|0x0000000085d00000, 0x0000000085e00000, 0x0000000085e00000|100%| O|  |TAMS 0x0000000085d00000| PB 0x0000000085d00000| Untracked 
|  94|0x0000000085e00000, 0x0000000085f00000, 0x0000000085f00000|100%| O|  |TAMS 0x0000000085e00000| PB 0x0000000085e00000| Untracked 
|  95|0x0000000085f00000, 0x0000000086000000, 0x0000000086000000|100%| O|  |TAMS 0x0000000085f00000| PB 0x0000000085f00000| Untracked 
|  96|0x0000000086000000, 0x0000000086100000, 0x0000000086100000|100%| O|  |TAMS 0x0000000086000000| PB 0x0000000086000000| Untracked 
|  97|0x0000000086100000, 0x0000000086200000, 0x0000000086200000|100%| O|  |TAMS 0x0000000086100000| PB 0x0000000086100000| Untracked 
|  98|0x0000000086200000, 0x0000000086300000, 0x0000000086300000|100%| O|  |TAMS 0x0000000086200000| PB 0x0000000086200000| Untracked 
|  99|0x0000000086300000, 0x0000000086400000, 0x0000000086400000|100%| O|  |TAMS 0x0000000086300000| PB 0x0000000086300000| Untracked 
| 100|0x0000000086400000, 0x0000000086500000, 0x0000000086500000|100%| O|  |TAMS 0x0000000086400000| PB 0x0000000086400000| Untracked 
| 101|0x0000000086500000, 0x0000000086600000, 0x0000000086600000|100%| O|  |TAMS 0x0000000086500000| PB 0x0000000086500000| Untracked 
| 102|0x0000000086600000, 0x0000000086700000, 0x0000000086700000|100%| O|  |TAMS 0x0000000086600000| PB 0x0000000086600000| Untracked 
| 103|0x0000000086700000, 0x0000000086800000, 0x0000000086800000|100%| O|  |TAMS 0x0000000086700000| PB 0x0000000086700000| Untracked 
| 104|0x0000000086800000, 0x0000000086900000, 0x0000000086900000|100%| O|  |TAMS 0x0000000086800000| PB 0x0000000086800000| Untracked 
| 105|0x0000000086900000, 0x0000000086a00000, 0x0000000086a00000|100%| O|Cm|TAMS 0x0000000086900000| PB 0x0000000086900000| Complete 
| 106|0x0000000086a00000, 0x0000000086b00000, 0x0000000086b00000|100%| O|  |TAMS 0x0000000086a00000| PB 0x0000000086a00000| Untracked 
| 107|0x0000000086b00000, 0x0000000086c00000, 0x0000000086c00000|100%| O|  |TAMS 0x0000000086b00000| PB 0x0000000086b00000| Untracked 
| 108|0x0000000086c00000, 0x0000000086d00000, 0x0000000086d00000|100%| O|  |TAMS 0x0000000086c00000| PB 0x0000000086c00000| Untracked 
| 109|0x0000000086d00000, 0x0000000086d00000, 0x0000000086e00000|  0%| F|  |TAMS 0x0000000086d00000| PB 0x0000000086d00000| Untracked 
| 110|0x0000000086e00000, 0x0000000086e00000, 0x0000000086f00000|  0%| F|  |TAMS 0x0000000086e00000| PB 0x0000000086e00000| Untracked 
| 111|0x0000000086f00000, 0x0000000086f00000, 0x0000000087000000|  0%| F|  |TAMS 0x0000000086f00000| PB 0x0000000086f00000| Untracked 
| 112|0x0000000087000000, 0x0000000087100000, 0x0000000087100000|100%| O|  |TAMS 0x0000000087000000| PB 0x0000000087000000| Untracked 
| 113|0x0000000087100000, 0x0000000087200000, 0x0000000087200000|100%| O|  |TAMS 0x0000000087100000| PB 0x0000000087100000| Untracked 
| 114|0x0000000087200000, 0x0000000087300000, 0x0000000087300000|100%| S|CS|TAMS 0x0000000087200000| PB 0x0000000087200000| Complete 
| 115|0x0000000087300000, 0x0000000087400000, 0x0000000087400000|100%| S|CS|TAMS 0x0000000087300000| PB 0x0000000087300000| Complete 
| 116|0x0000000087400000, 0x0000000087500000, 0x0000000087500000|100%| S|CS|TAMS 0x0000000087400000| PB 0x0000000087400000| Complete 
| 117|0x0000000087500000, 0x0000000087600000, 0x0000000087600000|100%| S|CS|TAMS 0x0000000087500000| PB 0x0000000087500000| Complete 
| 118|0x0000000087600000, 0x0000000087700000, 0x0000000087700000|100%| S|CS|TAMS 0x0000000087600000| PB 0x0000000087600000| Complete 
| 119|0x0000000087700000, 0x0000000087800000, 0x0000000087800000|100%| S|CS|TAMS 0x0000000087700000| PB 0x0000000087700000| Complete 
| 120|0x0000000087800000, 0x0000000087900000, 0x0000000087900000|100%| S|CS|TAMS 0x0000000087800000| PB 0x0000000087800000| Complete 
| 121|0x0000000087900000, 0x0000000087a00000, 0x0000000087a00000|100%| S|CS|TAMS 0x0000000087900000| PB 0x0000000087900000| Complete 
| 122|0x0000000087a00000, 0x0000000087a00000, 0x0000000087b00000|  0%| F|  |TAMS 0x0000000087a00000| PB 0x0000000087a00000| Untracked 
| 123|0x0000000087b00000, 0x0000000087b00000, 0x0000000087c00000|  0%| F|  |TAMS 0x0000000087b00000| PB 0x0000000087b00000| Untracked 
| 124|0x0000000087c00000, 0x0000000087c00000, 0x0000000087d00000|  0%| F|  |TAMS 0x0000000087c00000| PB 0x0000000087c00000| Untracked 
| 125|0x0000000087d00000, 0x0000000087d00000, 0x0000000087e00000|  0%| F|  |TAMS 0x0000000087d00000| PB 0x0000000087d00000| Untracked 
| 126|0x0000000087e00000, 0x0000000087e00000, 0x0000000087f00000|  0%| F|  |TAMS 0x0000000087e00000| PB 0x0000000087e00000| Untracked 
| 127|0x0000000087f00000, 0x0000000087f00000, 0x0000000088000000|  0%| F|  |TAMS 0x0000000087f00000| PB 0x0000000087f00000| Untracked 
| 128|0x0000000088000000, 0x0000000088000000, 0x0000000088100000|  0%| F|  |TAMS 0x0000000088000000| PB 0x0000000088000000| Untracked 
| 129|0x0000000088100000, 0x0000000088100000, 0x0000000088200000|  0%| F|  |TAMS 0x0000000088100000| PB 0x0000000088100000| Untracked 
| 130|0x0000000088200000, 0x0000000088200000, 0x0000000088300000|  0%| F|  |TAMS 0x0000000088200000| PB 0x0000000088200000| Untracked 
| 131|0x0000000088300000, 0x0000000088400000, 0x0000000088400000|100%| S|CS|TAMS 0x0000000088300000| PB 0x0000000088300000| Complete 
| 132|0x0000000088400000, 0x0000000088400000, 0x0000000088500000|  0%| F|  |TAMS 0x0000000088400000| PB 0x0000000088400000| Untracked 
| 133|0x0000000088500000, 0x0000000088500000, 0x0000000088600000|  0%| F|  |TAMS 0x0000000088500000| PB 0x0000000088500000| Untracked 
| 134|0x0000000088600000, 0x0000000088600000, 0x0000000088700000|  0%| F|  |TAMS 0x0000000088600000| PB 0x0000000088600000| Untracked 
| 135|0x0000000088700000, 0x0000000088700000, 0x0000000088800000|  0%| F|  |TAMS 0x0000000088700000| PB 0x0000000088700000| Untracked 
| 136|0x0000000088800000, 0x0000000088800000, 0x0000000088900000|  0%| F|  |TAMS 0x0000000088800000| PB 0x0000000088800000| Untracked 
| 137|0x0000000088900000, 0x0000000088900000, 0x0000000088a00000|  0%| F|  |TAMS 0x0000000088900000| PB 0x0000000088900000| Untracked 
| 138|0x0000000088a00000, 0x0000000088a00000, 0x0000000088b00000|  0%| F|  |TAMS 0x0000000088a00000| PB 0x0000000088a00000| Untracked 
| 139|0x0000000088b00000, 0x0000000088b00000, 0x0000000088c00000|  0%| F|  |TAMS 0x0000000088b00000| PB 0x0000000088b00000| Untracked 
| 140|0x0000000088c00000, 0x0000000088c00000, 0x0000000088d00000|  0%| F|  |TAMS 0x0000000088c00000| PB 0x0000000088c00000| Untracked 
| 141|0x0000000088d00000, 0x0000000088dbecb0, 0x0000000088e00000| 74%| E|  |TAMS 0x0000000088d00000| PB 0x0000000088d00000| Complete 
| 142|0x0000000088e00000, 0x0000000088f00000, 0x0000000088f00000|100%| E|  |TAMS 0x0000000088e00000| PB 0x0000000088e00000| Complete 
| 143|0x0000000088f00000, 0x0000000089000000, 0x0000000089000000|100%| E|CS|TAMS 0x0000000088f00000| PB 0x0000000088f00000| Complete 
| 144|0x0000000089000000, 0x0000000089100000, 0x0000000089100000|100%| E|CS|TAMS 0x0000000089000000| PB 0x0000000089000000| Complete 
| 145|0x0000000089100000, 0x0000000089200000, 0x0000000089200000|100%| E|CS|TAMS 0x0000000089100000| PB 0x0000000089100000| Complete 
| 146|0x0000000089200000, 0x0000000089300000, 0x0000000089300000|100%| E|CS|TAMS 0x0000000089200000| PB 0x0000000089200000| Complete 
| 147|0x0000000089300000, 0x0000000089400000, 0x0000000089400000|100%| E|CS|TAMS 0x0000000089300000| PB 0x0000000089300000| Complete 
| 148|0x0000000089400000, 0x0000000089500000, 0x0000000089500000|100%| E|CS|TAMS 0x0000000089400000| PB 0x0000000089400000| Complete 
| 149|0x0000000089500000, 0x0000000089600000, 0x0000000089600000|100%| E|CS|TAMS 0x0000000089500000| PB 0x0000000089500000| Complete 
| 150|0x0000000089600000, 0x0000000089700000, 0x0000000089700000|100%| E|CS|TAMS 0x0000000089600000| PB 0x0000000089600000| Complete 
| 151|0x0000000089700000, 0x0000000089800000, 0x0000000089800000|100%| E|CS|TAMS 0x0000000089700000| PB 0x0000000089700000| Complete 
| 152|0x0000000089800000, 0x0000000089900000, 0x0000000089900000|100%| E|CS|TAMS 0x0000000089800000| PB 0x0000000089800000| Complete 
| 153|0x0000000089900000, 0x0000000089a00000, 0x0000000089a00000|100%| E|CS|TAMS 0x0000000089900000| PB 0x0000000089900000| Complete 
| 154|0x0000000089a00000, 0x0000000089b00000, 0x0000000089b00000|100%| E|CS|TAMS 0x0000000089a00000| PB 0x0000000089a00000| Complete 
| 155|0x0000000089b00000, 0x0000000089c00000, 0x0000000089c00000|100%| E|CS|TAMS 0x0000000089b00000| PB 0x0000000089b00000| Complete 
| 156|0x0000000089c00000, 0x0000000089d00000, 0x0000000089d00000|100%| E|CS|TAMS 0x0000000089c00000| PB 0x0000000089c00000| Complete 
| 157|0x0000000089d00000, 0x0000000089e00000, 0x0000000089e00000|100%| E|CS|TAMS 0x0000000089d00000| PB 0x0000000089d00000| Complete 
| 158|0x0000000089e00000, 0x0000000089f00000, 0x0000000089f00000|100%| E|CS|TAMS 0x0000000089e00000| PB 0x0000000089e00000| Complete 
| 159|0x0000000089f00000, 0x000000008a000000, 0x000000008a000000|100%| E|CS|TAMS 0x0000000089f00000| PB 0x0000000089f00000| Complete 
| 160|0x000000008a000000, 0x000000008a100000, 0x000000008a100000|100%| E|CS|TAMS 0x000000008a000000| PB 0x000000008a000000| Complete 
| 161|0x000000008a100000, 0x000000008a200000, 0x000000008a200000|100%| E|CS|TAMS 0x000000008a100000| PB 0x000000008a100000| Complete 
| 162|0x000000008a200000, 0x000000008a300000, 0x000000008a300000|100%| E|CS|TAMS 0x000000008a200000| PB 0x000000008a200000| Complete 
| 163|0x000000008a300000, 0x000000008a400000, 0x000000008a400000|100%| E|CS|TAMS 0x000000008a300000| PB 0x000000008a300000| Complete 
| 164|0x000000008a400000, 0x000000008a500000, 0x000000008a500000|100%| E|CS|TAMS 0x000000008a400000| PB 0x000000008a400000| Complete 
| 165|0x000000008a500000, 0x000000008a600000, 0x000000008a600000|100%| E|CS|TAMS 0x000000008a500000| PB 0x000000008a500000| Complete 
| 166|0x000000008a600000, 0x000000008a700000, 0x000000008a700000|100%| E|CS|TAMS 0x000000008a600000| PB 0x000000008a600000| Complete 
| 167|0x000000008a700000, 0x000000008a800000, 0x000000008a800000|100%| E|CS|TAMS 0x000000008a700000| PB 0x000000008a700000| Complete 
| 168|0x000000008a800000, 0x000000008a900000, 0x000000008a900000|100%| E|CS|TAMS 0x000000008a800000| PB 0x000000008a800000| Complete 
| 169|0x000000008a900000, 0x000000008aa00000, 0x000000008aa00000|100%| E|CS|TAMS 0x000000008a900000| PB 0x000000008a900000| Complete 
| 170|0x000000008aa00000, 0x000000008ab00000, 0x000000008ab00000|100%| E|CS|TAMS 0x000000008aa00000| PB 0x000000008aa00000| Complete 
| 171|0x000000008ab00000, 0x000000008ac00000, 0x000000008ac00000|100%| E|CS|TAMS 0x000000008ab00000| PB 0x000000008ab00000| Complete 
| 172|0x000000008ac00000, 0x000000008ad00000, 0x000000008ad00000|100%| E|CS|TAMS 0x000000008ac00000| PB 0x000000008ac00000| Complete 
| 173|0x000000008ad00000, 0x000000008ae00000, 0x000000008ae00000|100%| E|CS|TAMS 0x000000008ad00000| PB 0x000000008ad00000| Complete 
| 174|0x000000008ae00000, 0x000000008af00000, 0x000000008af00000|100%| E|CS|TAMS 0x000000008ae00000| PB 0x000000008ae00000| Complete 
| 175|0x000000008af00000, 0x000000008b000000, 0x000000008b000000|100%| E|CS|TAMS 0x000000008af00000| PB 0x000000008af00000| Complete 
| 176|0x000000008b000000, 0x000000008b100000, 0x000000008b100000|100%| E|CS|TAMS 0x000000008b000000| PB 0x000000008b000000| Complete 
| 177|0x000000008b100000, 0x000000008b200000, 0x000000008b200000|100%| E|CS|TAMS 0x000000008b100000| PB 0x000000008b100000| Complete 
| 178|0x000000008b200000, 0x000000008b300000, 0x000000008b300000|100%| E|CS|TAMS 0x000000008b200000| PB 0x000000008b200000| Complete 
| 179|0x000000008b300000, 0x000000008b400000, 0x000000008b400000|100%| E|CS|TAMS 0x000000008b300000| PB 0x000000008b300000| Complete 
| 180|0x000000008b400000, 0x000000008b500000, 0x000000008b500000|100%| E|CS|TAMS 0x000000008b400000| PB 0x000000008b400000| Complete 
| 181|0x000000008b500000, 0x000000008b600000, 0x000000008b600000|100%| E|CS|TAMS 0x000000008b500000| PB 0x000000008b500000| Complete 
| 182|0x000000008b600000, 0x000000008b700000, 0x000000008b700000|100%| E|CS|TAMS 0x000000008b600000| PB 0x000000008b600000| Complete 
| 183|0x000000008b700000, 0x000000008b800000, 0x000000008b800000|100%| E|CS|TAMS 0x000000008b700000| PB 0x000000008b700000| Complete 
| 184|0x000000008b800000, 0x000000008b900000, 0x000000008b900000|100%| E|CS|TAMS 0x000000008b800000| PB 0x000000008b800000| Complete 
| 185|0x000000008b900000, 0x000000008ba00000, 0x000000008ba00000|100%| E|CS|TAMS 0x000000008b900000| PB 0x000000008b900000| Complete 
| 186|0x000000008ba00000, 0x000000008baffff8, 0x000000008bb00000| 99%| E|CS|TAMS 0x000000008ba00000| PB 0x000000008ba00000| Complete 
| 187|0x000000008bb00000, 0x000000008bc00000, 0x000000008bc00000|100%| E|CS|TAMS 0x000000008bb00000| PB 0x000000008bb00000| Complete 
| 188|0x000000008bc00000, 0x000000008bd00000, 0x000000008bd00000|100%| E|CS|TAMS 0x000000008bc00000| PB 0x000000008bc00000| Complete 
| 189|0x000000008bd00000, 0x000000008be00000, 0x000000008be00000|100%| E|CS|TAMS 0x000000008bd00000| PB 0x000000008bd00000| Complete 
| 190|0x000000008be00000, 0x000000008bf00000, 0x000000008bf00000|100%| E|CS|TAMS 0x000000008be00000| PB 0x000000008be00000| Complete 
| 191|0x000000008bf00000, 0x000000008c000000, 0x000000008c000000|100%| E|CS|TAMS 0x000000008bf00000| PB 0x000000008bf00000| Complete 
| 192|0x000000008c000000, 0x000000008c100000, 0x000000008c100000|100%| E|CS|TAMS 0x000000008c000000| PB 0x000000008c000000| Complete 
| 193|0x000000008c100000, 0x000000008c200000, 0x000000008c200000|100%| E|CS|TAMS 0x000000008c100000| PB 0x000000008c100000| Complete 
| 194|0x000000008c200000, 0x000000008c300000, 0x000000008c300000|100%| E|CS|TAMS 0x000000008c200000| PB 0x000000008c200000| Complete 
| 195|0x000000008c300000, 0x000000008c400000, 0x000000008c400000|100%| E|CS|TAMS 0x000000008c300000| PB 0x000000008c300000| Complete 
| 196|0x000000008c400000, 0x000000008c500000, 0x000000008c500000|100%| E|CS|TAMS 0x000000008c400000| PB 0x000000008c400000| Complete 
| 197|0x000000008c500000, 0x000000008c600000, 0x000000008c600000|100%| E|CS|TAMS 0x000000008c500000| PB 0x000000008c500000| Complete 
| 198|0x000000008c600000, 0x000000008c700000, 0x000000008c700000|100%| E|CS|TAMS 0x000000008c600000| PB 0x000000008c600000| Complete 
| 199|0x000000008c700000, 0x000000008c800000, 0x000000008c800000|100%| E|CS|TAMS 0x000000008c700000| PB 0x000000008c700000| Complete 
| 200|0x000000008c800000, 0x000000008c900000, 0x000000008c900000|100%| E|CS|TAMS 0x000000008c800000| PB 0x000000008c800000| Complete 
| 201|0x000000008c900000, 0x000000008ca00000, 0x000000008ca00000|100%| E|CS|TAMS 0x000000008c900000| PB 0x000000008c900000| Complete 
| 202|0x000000008ca00000, 0x000000008cb00000, 0x000000008cb00000|100%| E|CS|TAMS 0x000000008ca00000| PB 0x000000008ca00000| Complete 
| 203|0x000000008cb00000, 0x000000008cc00000, 0x000000008cc00000|100%| E|CS|TAMS 0x000000008cb00000| PB 0x000000008cb00000| Complete 
| 204|0x000000008cc00000, 0x000000008cd00000, 0x000000008cd00000|100%| E|CS|TAMS 0x000000008cc00000| PB 0x000000008cc00000| Complete 
| 205|0x000000008cd00000, 0x000000008ce00000, 0x000000008ce00000|100%| E|CS|TAMS 0x000000008cd00000| PB 0x000000008cd00000| Complete 
| 206|0x000000008ce00000, 0x000000008cf00000, 0x000000008cf00000|100%| E|CS|TAMS 0x000000008ce00000| PB 0x000000008ce00000| Complete 
| 207|0x000000008cf00000, 0x000000008d000000, 0x000000008d000000|100%| E|CS|TAMS 0x000000008cf00000| PB 0x000000008cf00000| Complete 
| 208|0x000000008d000000, 0x000000008d100000, 0x000000008d100000|100%| E|CS|TAMS 0x000000008d000000| PB 0x000000008d000000| Complete 
| 209|0x000000008d100000, 0x000000008d200000, 0x000000008d200000|100%| E|CS|TAMS 0x000000008d100000| PB 0x000000008d100000| Complete 
| 210|0x000000008d200000, 0x000000008d300000, 0x000000008d300000|100%| E|CS|TAMS 0x000000008d200000| PB 0x000000008d200000| Complete 
| 211|0x000000008d300000, 0x000000008d400000, 0x000000008d400000|100%| E|CS|TAMS 0x000000008d300000| PB 0x000000008d300000| Complete 
| 212|0x000000008d400000, 0x000000008d500000, 0x000000008d500000|100%| E|CS|TAMS 0x000000008d400000| PB 0x000000008d400000| Complete 
| 213|0x000000008d500000, 0x000000008d600000, 0x000000008d600000|100%| E|CS|TAMS 0x000000008d500000| PB 0x000000008d500000| Complete 
| 214|0x000000008d600000, 0x000000008d700000, 0x000000008d700000|100%| E|CS|TAMS 0x000000008d600000| PB 0x000000008d600000| Complete 
| 215|0x000000008d700000, 0x000000008d800000, 0x000000008d800000|100%| E|CS|TAMS 0x000000008d700000| PB 0x000000008d700000| Complete 
| 216|0x000000008d800000, 0x000000008d900000, 0x000000008d900000|100%| E|CS|TAMS 0x000000008d800000| PB 0x000000008d800000| Complete 
| 217|0x000000008d900000, 0x000000008da00000, 0x000000008da00000|100%| E|CS|TAMS 0x000000008d900000| PB 0x000000008d900000| Complete 
| 218|0x000000008da00000, 0x000000008db00000, 0x000000008db00000|100%| E|CS|TAMS 0x000000008da00000| PB 0x000000008da00000| Complete 
| 219|0x000000008db00000, 0x000000008dc00000, 0x000000008dc00000|100%| E|CS|TAMS 0x000000008db00000| PB 0x000000008db00000| Complete 
| 220|0x000000008dc00000, 0x000000008dd00000, 0x000000008dd00000|100%| E|CS|TAMS 0x000000008dc00000| PB 0x000000008dc00000| Complete 
| 221|0x000000008dd00000, 0x000000008de00000, 0x000000008de00000|100%| E|CS|TAMS 0x000000008dd00000| PB 0x000000008dd00000| Complete 
| 222|0x000000008de00000, 0x000000008df00000, 0x000000008df00000|100%| E|CS|TAMS 0x000000008de00000| PB 0x000000008de00000| Complete 
| 223|0x000000008df00000, 0x000000008e000000, 0x000000008e000000|100%| E|CS|TAMS 0x000000008df00000| PB 0x000000008df00000| Complete 
| 224|0x000000008e000000, 0x000000008e100000, 0x000000008e100000|100%| E|CS|TAMS 0x000000008e000000| PB 0x000000008e000000| Complete 
| 225|0x000000008e100000, 0x000000008e200000, 0x000000008e200000|100%| E|CS|TAMS 0x000000008e100000| PB 0x000000008e100000| Complete 
| 226|0x000000008e200000, 0x000000008e300000, 0x000000008e300000|100%| E|CS|TAMS 0x000000008e200000| PB 0x000000008e200000| Complete 
| 227|0x000000008e300000, 0x000000008e400000, 0x000000008e400000|100%| E|CS|TAMS 0x000000008e300000| PB 0x000000008e300000| Complete 
| 228|0x000000008e400000, 0x000000008e500000, 0x000000008e500000|100%| E|CS|TAMS 0x000000008e400000| PB 0x000000008e400000| Complete 
| 229|0x000000008e500000, 0x000000008e600000, 0x000000008e600000|100%| E|CS|TAMS 0x000000008e500000| PB 0x000000008e500000| Complete 
| 230|0x000000008e600000, 0x000000008e700000, 0x000000008e700000|100%| E|CS|TAMS 0x000000008e600000| PB 0x000000008e600000| Complete 
| 231|0x000000008e700000, 0x000000008e800000, 0x000000008e800000|100%| E|CS|TAMS 0x000000008e700000| PB 0x000000008e700000| Complete 
| 232|0x000000008e800000, 0x000000008e900000, 0x000000008e900000|100%| E|CS|TAMS 0x000000008e800000| PB 0x000000008e800000| Complete 
| 233|0x000000008e900000, 0x000000008ea00000, 0x000000008ea00000|100%| E|CS|TAMS 0x000000008e900000| PB 0x000000008e900000| Complete 
| 234|0x000000008ea00000, 0x000000008eb00000, 0x000000008eb00000|100%| E|CS|TAMS 0x000000008ea00000| PB 0x000000008ea00000| Complete 
| 235|0x000000008eb00000, 0x000000008ec00000, 0x000000008ec00000|100%| E|CS|TAMS 0x000000008eb00000| PB 0x000000008eb00000| Complete 
| 236|0x000000008ec00000, 0x000000008ed00000, 0x000000008ed00000|100%| E|CS|TAMS 0x000000008ec00000| PB 0x000000008ec00000| Complete 
| 237|0x000000008ed00000, 0x000000008ee00000, 0x000000008ee00000|100%| E|CS|TAMS 0x000000008ed00000| PB 0x000000008ed00000| Complete 
| 238|0x000000008ee00000, 0x000000008ef00000, 0x000000008ef00000|100%| E|CS|TAMS 0x000000008ee00000| PB 0x000000008ee00000| Complete 
| 239|0x000000008ef00000, 0x000000008f000000, 0x000000008f000000|100%| E|CS|TAMS 0x000000008ef00000| PB 0x000000008ef00000| Complete 
| 240|0x000000008f000000, 0x000000008f100000, 0x000000008f100000|100%| E|CS|TAMS 0x000000008f000000| PB 0x000000008f000000| Complete 
| 241|0x000000008f100000, 0x000000008f200000, 0x000000008f200000|100%| E|CS|TAMS 0x000000008f100000| PB 0x000000008f100000| Complete 
| 242|0x000000008f200000, 0x000000008f300000, 0x000000008f300000|100%| E|CS|TAMS 0x000000008f200000| PB 0x000000008f200000| Complete 
| 243|0x000000008f300000, 0x000000008f400000, 0x000000008f400000|100%| E|CS|TAMS 0x000000008f300000| PB 0x000000008f300000| Complete 
| 244|0x000000008f400000, 0x000000008f500000, 0x000000008f500000|100%| E|CS|TAMS 0x000000008f400000| PB 0x000000008f400000| Complete 
| 245|0x000000008f500000, 0x000000008f600000, 0x000000008f600000|100%| E|CS|TAMS 0x000000008f500000| PB 0x000000008f500000| Complete 
| 246|0x000000008f600000, 0x000000008f700000, 0x000000008f700000|100%| E|CS|TAMS 0x000000008f600000| PB 0x000000008f600000| Complete 
| 247|0x000000008f700000, 0x000000008f800000, 0x000000008f800000|100%| E|CS|TAMS 0x000000008f700000| PB 0x000000008f700000| Complete 
| 248|0x000000008f800000, 0x000000008f900000, 0x000000008f900000|100%| E|CS|TAMS 0x000000008f800000| PB 0x000000008f800000| Complete 
| 249|0x000000008f900000, 0x000000008fa00000, 0x000000008fa00000|100%| E|CS|TAMS 0x000000008f900000| PB 0x000000008f900000| Complete 
| 250|0x000000008fa00000, 0x000000008fb00000, 0x000000008fb00000|100%| E|CS|TAMS 0x000000008fa00000| PB 0x000000008fa00000| Complete 
| 251|0x000000008fb00000, 0x000000008fc00000, 0x000000008fc00000|100%| E|CS|TAMS 0x000000008fb00000| PB 0x000000008fb00000| Complete 
| 252|0x000000008fc00000, 0x000000008fd00000, 0x000000008fd00000|100%| E|CS|TAMS 0x000000008fc00000| PB 0x000000008fc00000| Complete 
| 253|0x000000008fd00000, 0x000000008fe00000, 0x000000008fe00000|100%| E|CS|TAMS 0x000000008fd00000| PB 0x000000008fd00000| Complete 
| 254|0x000000008fe00000, 0x000000008ff00000, 0x000000008ff00000|100%| E|CS|TAMS 0x000000008fe00000| PB 0x000000008fe00000| Complete 
| 255|0x000000008ff00000, 0x0000000090000000, 0x0000000090000000|100%| E|CS|TAMS 0x000000008ff00000| PB 0x000000008ff00000| Complete 
| 256|0x0000000090000000, 0x0000000090100000, 0x0000000090100000|100%| E|CS|TAMS 0x0000000090000000| PB 0x0000000090000000| Complete 
| 257|0x0000000090100000, 0x0000000090200000, 0x0000000090200000|100%| E|CS|TAMS 0x0000000090100000| PB 0x0000000090100000| Complete 
| 258|0x0000000090200000, 0x0000000090300000, 0x0000000090300000|100%| E|CS|TAMS 0x0000000090200000| PB 0x0000000090200000| Complete 
| 259|0x0000000090300000, 0x0000000090400000, 0x0000000090400000|100%| E|CS|TAMS 0x0000000090300000| PB 0x0000000090300000| Complete 
| 260|0x0000000090400000, 0x0000000090500000, 0x0000000090500000|100%| E|CS|TAMS 0x0000000090400000| PB 0x0000000090400000| Complete 
| 261|0x0000000090500000, 0x0000000090600000, 0x0000000090600000|100%| E|CS|TAMS 0x0000000090500000| PB 0x0000000090500000| Complete 
| 262|0x0000000090600000, 0x0000000090700000, 0x0000000090700000|100%| E|CS|TAMS 0x0000000090600000| PB 0x0000000090600000| Complete 
| 263|0x0000000090700000, 0x0000000090800000, 0x0000000090800000|100%| E|CS|TAMS 0x0000000090700000| PB 0x0000000090700000| Complete 
| 264|0x0000000090800000, 0x0000000090900000, 0x0000000090900000|100%| E|CS|TAMS 0x0000000090800000| PB 0x0000000090800000| Complete 
| 265|0x0000000090900000, 0x0000000090a00000, 0x0000000090a00000|100%| E|CS|TAMS 0x0000000090900000| PB 0x0000000090900000| Complete 
| 266|0x0000000090a00000, 0x0000000090b00000, 0x0000000090b00000|100%| E|CS|TAMS 0x0000000090a00000| PB 0x0000000090a00000| Complete 
| 267|0x0000000090b00000, 0x0000000090c00000, 0x0000000090c00000|100%| E|CS|TAMS 0x0000000090b00000| PB 0x0000000090b00000| Complete 
| 268|0x0000000090c00000, 0x0000000090d00000, 0x0000000090d00000|100%| E|CS|TAMS 0x0000000090c00000| PB 0x0000000090c00000| Complete 
| 269|0x0000000090d00000, 0x0000000090e00000, 0x0000000090e00000|100%| E|CS|TAMS 0x0000000090d00000| PB 0x0000000090d00000| Complete 
| 270|0x0000000090e00000, 0x0000000090f00000, 0x0000000090f00000|100%| E|CS|TAMS 0x0000000090e00000| PB 0x0000000090e00000| Complete 
| 271|0x0000000090f00000, 0x0000000091000000, 0x0000000091000000|100%| E|CS|TAMS 0x0000000090f00000| PB 0x0000000090f00000| Complete 
| 272|0x0000000091000000, 0x0000000091100000, 0x0000000091100000|100%| E|CS|TAMS 0x0000000091000000| PB 0x0000000091000000| Complete 
| 273|0x0000000091100000, 0x0000000091200000, 0x0000000091200000|100%| E|CS|TAMS 0x0000000091100000| PB 0x0000000091100000| Complete 
| 274|0x0000000091200000, 0x0000000091300000, 0x0000000091300000|100%| E|CS|TAMS 0x0000000091200000| PB 0x0000000091200000| Complete 
| 275|0x0000000091300000, 0x0000000091400000, 0x0000000091400000|100%| E|CS|TAMS 0x0000000091300000| PB 0x0000000091300000| Complete 
| 276|0x0000000091400000, 0x0000000091500000, 0x0000000091500000|100%| E|CS|TAMS 0x0000000091400000| PB 0x0000000091400000| Complete 
| 277|0x0000000091500000, 0x0000000091600000, 0x0000000091600000|100%| E|CS|TAMS 0x0000000091500000| PB 0x0000000091500000| Complete 
| 278|0x0000000091600000, 0x0000000091700000, 0x0000000091700000|100%| E|CS|TAMS 0x0000000091600000| PB 0x0000000091600000| Complete 
| 279|0x0000000091700000, 0x0000000091800000, 0x0000000091800000|100%| E|CS|TAMS 0x0000000091700000| PB 0x0000000091700000| Complete 
| 280|0x0000000091800000, 0x0000000091900000, 0x0000000091900000|100%| E|CS|TAMS 0x0000000091800000| PB 0x0000000091800000| Complete 
| 281|0x0000000091900000, 0x0000000091a00000, 0x0000000091a00000|100%| E|CS|TAMS 0x0000000091900000| PB 0x0000000091900000| Complete 
| 282|0x0000000091a00000, 0x0000000091b00000, 0x0000000091b00000|100%| E|CS|TAMS 0x0000000091a00000| PB 0x0000000091a00000| Complete 
| 283|0x0000000091b00000, 0x0000000091c00000, 0x0000000091c00000|100%| E|CS|TAMS 0x0000000091b00000| PB 0x0000000091b00000| Complete 
| 284|0x0000000091c00000, 0x0000000091d00000, 0x0000000091d00000|100%| E|CS|TAMS 0x0000000091c00000| PB 0x0000000091c00000| Complete 
| 285|0x0000000091d00000, 0x0000000091e00000, 0x0000000091e00000|100%| E|CS|TAMS 0x0000000091d00000| PB 0x0000000091d00000| Complete 
| 286|0x0000000091e00000, 0x0000000091f00000, 0x0000000091f00000|100%| E|CS|TAMS 0x0000000091e00000| PB 0x0000000091e00000| Complete 
| 287|0x0000000091f00000, 0x0000000092000000, 0x0000000092000000|100%| E|CS|TAMS 0x0000000091f00000| PB 0x0000000091f00000| Complete 
| 288|0x0000000092000000, 0x0000000092100000, 0x0000000092100000|100%| E|CS|TAMS 0x0000000092000000| PB 0x0000000092000000| Complete 
| 289|0x0000000092100000, 0x0000000092200000, 0x0000000092200000|100%| E|CS|TAMS 0x0000000092100000| PB 0x0000000092100000| Complete 
| 290|0x0000000092200000, 0x0000000092300000, 0x0000000092300000|100%| E|CS|TAMS 0x0000000092200000| PB 0x0000000092200000| Complete 
|2036|0x00000000ff400000, 0x00000000ff500000, 0x00000000ff500000|100%| E|CS|TAMS 0x00000000ff400000| PB 0x00000000ff400000| Complete 
|2037|0x00000000ff500000, 0x00000000ff600000, 0x00000000ff600000|100%| O|Cm|TAMS 0x00000000ff500000| PB 0x00000000ff500000| Complete 
|2038|0x00000000ff600000, 0x00000000ff700000, 0x00000000ff700000|100%| O|  |TAMS 0x00000000ff600000| PB 0x00000000ff600000| Untracked 
|2039|0x00000000ff700000, 0x00000000ff800000, 0x00000000ff800000|100%| O|  |TAMS 0x00000000ff700000| PB 0x00000000ff700000| Untracked 
|2040|0x00000000ff800000, 0x00000000ff900000, 0x00000000ff900000|100%| E|CS|TAMS 0x00000000ff800000| PB 0x00000000ff800000| Complete 
|2041|0x00000000ff900000, 0x00000000ffa00000, 0x00000000ffa00000|100%| O|  |TAMS 0x00000000ff900000| PB 0x00000000ff900000| Untracked 
|2042|0x00000000ffa00000, 0x00000000ffb00000, 0x00000000ffb00000|100%| O|  |TAMS 0x00000000ffa00000| PB 0x00000000ffa00000| Untracked 
|2043|0x00000000ffb00000, 0x00000000ffc00000, 0x00000000ffc00000|100%| E|CS|TAMS 0x00000000ffb00000| PB 0x00000000ffb00000| Complete 
|2044|0x00000000ffc00000, 0x00000000ffd00000, 0x00000000ffd00000|100%| O|  |TAMS 0x00000000ffc00000| PB 0x00000000ffc00000| Untracked 
|2045|0x00000000ffd00000, 0x00000000ffe00000, 0x00000000ffe00000|100%| O|  |TAMS 0x00000000ffd00000| PB 0x00000000ffd00000| Untracked 
|2046|0x00000000ffe00000, 0x00000000fff00000, 0x00000000fff00000|100%| E|CS|TAMS 0x00000000ffe00000| PB 0x00000000ffe00000| Complete 
|2047|0x00000000fff00000, 0x0000000100000000, 0x0000000100000000|100%| O|  |TAMS 0x00000000fff00000| PB 0x00000000fff00000| Untracked 

Card table byte_map: [0x00000221bac80000,0x00000221bb080000] _byte_map_base: 0x00000221ba880000

Marking Bits: (CMBitMap*) 0x00000221a8b75820
 Bits: [0x00000221bb080000, 0x00000221bd080000)

Polling page: 0x00000221a6800000

Metaspace:

Usage:
  Non-class:    109.28 MB used.
      Class:     17.57 MB used.
       Both:    126.84 MB used.

Virtual space:
  Non-class space:      128.00 MB reserved,     110.50 MB ( 86%) committed,  2 nodes.
      Class space:        1.00 GB reserved,      18.69 MB (  2%) committed,  1 nodes.
             Both:        1.12 GB reserved,     129.19 MB ( 11%) committed. 

Chunk freelists:
   Non-Class:  1.11 MB
       Class:  13.21 MB
        Both:  14.31 MB

MaxMetaspaceSize: unlimited
CompressedClassSpaceSize: 1.00 GB
Initial GC threshold: 21.00 MB
Current GC threshold: 213.44 MB
CDS: off
 - commit_granule_bytes: 65536.
 - commit_granule_words: 8192.
 - virtual_space_node_default_size: 8388608.
 - enlarge_chunks_in_place: 1.
 - use_allocation_guard: 0.


Internal statistics:

num_allocs_failed_limit: 6.
num_arena_births: 4768.
num_arena_deaths: 0.
num_vsnodes_births: 3.
num_vsnodes_deaths: 0.
num_space_committed: 2065.
num_space_uncommitted: 0.
num_chunks_returned_to_freelist: 6.
num_chunks_taken_from_freelist: 10250.
num_chunk_merges: 6.
num_chunk_splits: 6660.
num_chunks_enlarged: 4152.
num_inconsistent_stats: 0.

CodeHeap 'non-profiled nmethods': size=120064Kb used=8789Kb max_used=8789Kb free=111274Kb
 bounds [0x00000221b3740000, 0x00000221b3fe0000, 0x00000221bac80000]
CodeHeap 'profiled nmethods': size=120000Kb used=23913Kb max_used=23913Kb free=96086Kb
 bounds [0x00000221abc80000, 0x00000221ad3e0000, 0x00000221b31b0000]
CodeHeap 'non-nmethods': size=5696Kb used=2079Kb max_used=2120Kb free=3616Kb
 bounds [0x00000221b31b0000, 0x00000221b3420000, 0x00000221b3740000]
CodeCache: size=245760Kb, used=34781Kb, max_used=34822Kb, free=210976Kb
 total_blobs=13634, nmethods=12679, adapters=859, full_count=0
Compilation: enabled, stopped_count=0, restarted_count=0

Compilation events (20 events):
Event: 100.517 Thread 0x00000221bf66f3d0 nmethod 15448 0x00000221ad3d6e10 code [0x00000221ad3d7000, 0x00000221ad3d73d0]
Event: 100.517 Thread 0x00000221bf66f3d0 15449       3       com.google.gson.stream.JsonWriter::replaceTop (13 bytes)
Event: 100.517 Thread 0x00000221bf66f3d0 nmethod 15449 0x00000221ad3d7510 code [0x00000221ad3d76c0, 0x00000221ad3d7800]
Event: 100.517 Thread 0x00000221bf66f3d0 15450 %     3       com.google.gson.stream.JsonWriter::string @ 37 (171 bytes)
Event: 100.518 Thread 0x00000221bf66f3d0 nmethod 15450% 0x00000221ad3d7910 code [0x00000221ad3d7bc0, 0x00000221ad3d8b60]
Event: 100.518 Thread 0x00000221bf66f3d0 15451       3       com.google.gson.stream.JsonWriter::string (171 bytes)
Event: 100.519 Thread 0x00000221bf66f3d0 nmethod 15451 0x00000221ad3d9190 code [0x00000221ad3d9440, 0x00000221ad3da248]
Event: 100.519 Thread 0x00000221bf66f3d0 15452       3       java.io.StringWriter::append (6 bytes)
Event: 100.520 Thread 0x00000221bf66f3d0 nmethod 15452 0x00000221ad3da810 code [0x00000221ad3daa00, 0x00000221ad3daf38]
Event: 100.520 Thread 0x00000221bf66f3d0 15453       3       com.google.gson.stream.JsonWriter::beforeName (49 bytes)
Event: 100.520 Thread 0x00000221bf66f3d0 nmethod 15453 0x00000221ad3db110 code [0x00000221ad3db320, 0x00000221ad3db8c8]
Event: 100.521 Thread 0x00000221bf66f3d0 15454       3       com.google.gson.stream.JsonWriter::name (56 bytes)
Event: 100.521 Thread 0x00000221bf66f3d0 nmethod 15454 0x00000221ad3dbb90 code [0x00000221ad3dbdc0, 0x00000221ad3dc478]
Event: 100.521 Thread 0x00000221bf5ef390 15455       4       java.lang.StringCoding::implEncodeAsciiArray (47 bytes)
Event: 100.527 Thread 0x00000221bf5ef390 nmethod 15455 0x00000221b3fd4a10 code [0x00000221b3fd4ba0, 0x00000221b3fd4df8]
Event: 100.530 Thread 0x00000221bf66f3d0 15456       1       org.gradle.internal.snapshot.AbstractListChildMap$1::getChildMap (5 bytes)
Event: 100.530 Thread 0x00000221bf66f3d0 nmethod 15456 0x00000221b3fd4f10 code [0x00000221b3fd50a0, 0x00000221b3fd5168]
Event: 100.577 Thread 0x00000221bf5ef390 15457       4       java.lang.invoke.MethodHandleImpl::makePairwiseConvertByEditor (617 bytes)
Event: 101.154 Thread 0x00000221bf66f3d0 15460       3       java.lang.invoke.DirectMethodHandle$Interface::<init> (40 bytes)
Event: 101.155 Thread 0x00000221bf66f3d0 nmethod 15460 0x00000221ad3dc710 code [0x00000221ad3dc8c0, 0x00000221ad3dca70]

GC Heap History (20 events):
Event: 81.389 GC heap before
{Heap before GC invocations=78 (full 0):
 garbage-first heap   total 204800K, used 194344K [0x0000000080000000, 0x0000000100000000)
  region size 1024K, 75 young (76800K), 5 survivors (5120K)
 Metaspace       used 126776K, committed 129152K, reserved 1179648K
  class space    used 17671K, committed 18816K, reserved 1048576K
}
Event: 81.402 GC heap after
{Heap after GC invocations=79 (full 0):
 garbage-first heap   total 204800K, used 123685K [0x0000000080000000, 0x0000000100000000)
  region size 1024K, 6 young (6144K), 6 survivors (6144K)
 Metaspace       used 126776K, committed 129152K, reserved 1179648K
  class space    used 17671K, committed 18816K, reserved 1048576K
}
Event: 82.532 GC heap before
{Heap before GC invocations=80 (full 0):
 garbage-first heap   total 206848K, used 192293K [0x0000000080000000, 0x0000000100000000)
  region size 1024K, 74 young (75776K), 6 survivors (6144K)
 Metaspace       used 126799K, committed 129152K, reserved 1179648K
  class space    used 17673K, committed 18816K, reserved 1048576K
}
Event: 82.552 GC heap after
{Heap after GC invocations=81 (full 0):
 garbage-first heap   total 206848K, used 124344K [0x0000000080000000, 0x0000000100000000)
  region size 1024K, 6 young (6144K), 6 survivors (6144K)
 Metaspace       used 126799K, committed 129152K, reserved 1179648K
  class space    used 17673K, committed 18816K, reserved 1048576K
}
Event: 83.558 GC heap before
{Heap before GC invocations=81 (full 0):
 garbage-first heap   total 206848K, used 195000K [0x0000000080000000, 0x0000000100000000)
  region size 1024K, 75 young (76800K), 6 survivors (6144K)
 Metaspace       used 126803K, committed 129152K, reserved 1179648K
  class space    used 17673K, committed 18816K, reserved 1048576K
}
Event: 83.594 GC heap after
{Heap after GC invocations=82 (full 0):
 garbage-first heap   total 248832K, used 123917K [0x0000000080000000, 0x0000000100000000)
  region size 1024K, 6 young (6144K), 6 survivors (6144K)
 Metaspace       used 126803K, committed 129152K, reserved 1179648K
  class space    used 17673K, committed 18816K, reserved 1048576K
}
Event: 85.379 GC heap before
{Heap before GC invocations=82 (full 0):
 garbage-first heap   total 248832K, used 233485K [0x0000000080000000, 0x0000000100000000)
  region size 1024K, 114 young (116736K), 6 survivors (6144K)
 Metaspace       used 126817K, committed 129152K, reserved 1179648K
  class space    used 17674K, committed 18816K, reserved 1048576K
}
Event: 85.417 GC heap after
{Heap after GC invocations=83 (full 0):
 garbage-first heap   total 248832K, used 124941K [0x0000000080000000, 0x0000000100000000)
  region size 1024K, 7 young (7168K), 7 survivors (7168K)
 Metaspace       used 126817K, committed 129152K, reserved 1179648K
  class space    used 17674K, committed 18816K, reserved 1048576K
}
Event: 87.127 GC heap before
{Heap before GC invocations=83 (full 0):
 garbage-first heap   total 248832K, used 233485K [0x0000000080000000, 0x0000000100000000)
  region size 1024K, 114 young (116736K), 7 survivors (7168K)
 Metaspace       used 126839K, committed 129216K, reserved 1179648K
  class space    used 17676K, committed 18816K, reserved 1048576K
}
Event: 87.142 GC heap after
{Heap after GC invocations=84 (full 0):
 garbage-first heap   total 248832K, used 125965K [0x0000000080000000, 0x0000000100000000)
  region size 1024K, 8 young (8192K), 8 survivors (8192K)
 Metaspace       used 126839K, committed 129216K, reserved 1179648K
  class space    used 17676K, committed 18816K, reserved 1048576K
}
Event: 87.894 GC heap before
{Heap before GC invocations=84 (full 0):
 garbage-first heap   total 248832K, used 153613K [0x0000000080000000, 0x0000000100000000)
  region size 1024K, 36 young (36864K), 8 survivors (8192K)
 Metaspace       used 126872K, committed 129280K, reserved 1179648K
  class space    used 17679K, committed 18816K, reserved 1048576K
}
Event: 87.919 GC heap after
{Heap after GC invocations=85 (full 0):
 garbage-first heap   total 248832K, used 125965K [0x0000000080000000, 0x0000000100000000)
  region size 1024K, 8 young (8192K), 8 survivors (8192K)
 Metaspace       used 126872K, committed 129280K, reserved 1179648K
  class space    used 17679K, committed 18816K, reserved 1048576K
}
Event: 94.863 GC heap before
{Heap before GC invocations=86 (full 0):
 garbage-first heap   total 248832K, used 246797K [0x0000000080000000, 0x0000000100000000)
  region size 1024K, 101 young (103424K), 8 survivors (8192K)
 Metaspace       used 128675K, committed 131072K, reserved 1179648K
  class space    used 17838K, committed 19008K, reserved 1048576K
}
Event: 94.912 GC heap after
{Heap after GC invocations=87 (full 0):
 garbage-first heap   total 258048K, used 126989K [0x0000000080000000, 0x0000000100000000)
  region size 1024K, 9 young (9216K), 9 survivors (9216K)
 Metaspace       used 128675K, committed 131072K, reserved 1179648K
  class space    used 17838K, committed 19008K, reserved 1048576K
}
Event: 95.741 GC heap before
{Heap before GC invocations=87 (full 0):
 garbage-first heap   total 258048K, used 241677K [0x0000000080000000, 0x0000000100000000)
  region size 1024K, 122 young (124928K), 9 survivors (9216K)
 Metaspace       used 128683K, committed 131072K, reserved 1179648K
  class space    used 17838K, committed 19008K, reserved 1048576K
}
Event: 95.764 GC heap after
{Heap after GC invocations=88 (full 0):
 garbage-first heap   total 258048K, used 127105K [0x0000000080000000, 0x0000000100000000)
  region size 1024K, 8 young (8192K), 8 survivors (8192K)
 Metaspace       used 128683K, committed 131072K, reserved 1179648K
  class space    used 17838K, committed 19008K, reserved 1048576K
}
Event: 96.744 GC heap before
{Heap before GC invocations=88 (full 0):
 garbage-first heap   total 258048K, used 241793K [0x0000000080000000, 0x0000000100000000)
  region size 1024K, 121 young (123904K), 8 survivors (8192K)
 Metaspace       used 128773K, committed 131136K, reserved 1179648K
  class space    used 17846K, committed 19008K, reserved 1048576K
}
Event: 96.775 GC heap after
{Heap after GC invocations=89 (full 0):
 garbage-first heap   total 258048K, used 128398K [0x0000000080000000, 0x0000000100000000)
  region size 1024K, 10 young (10240K), 10 survivors (10240K)
 Metaspace       used 128773K, committed 131136K, reserved 1179648K
  class space    used 17846K, committed 19008K, reserved 1048576K
}
Event: 97.274 GC heap before
{Heap before GC invocations=89 (full 0):
 garbage-first heap   total 258048K, used 243086K [0x0000000080000000, 0x0000000100000000)
  region size 1024K, 122 young (124928K), 10 survivors (10240K)
 Metaspace       used 128773K, committed 131136K, reserved 1179648K
  class space    used 17846K, committed 19008K, reserved 1048576K
}
Event: 97.298 GC heap after
{Heap after GC invocations=90 (full 0):
 garbage-first heap   total 310272K, used 129621K [0x0000000080000000, 0x0000000100000000)
  region size 1024K, 9 young (9216K), 9 survivors (9216K)
 Metaspace       used 128773K, committed 131136K, reserved 1179648K
  class space    used 17846K, committed 19008K, reserved 1048576K
}

Dll operation events (3 events):
Event: 0.015 Loaded shared library C:\Program Files\Android\Android Studio\jbr\bin\java.dll
Event: 0.024 Loaded shared library C:\Program Files\Android\Android Studio\jbr\bin\zip.dll
Event: 2.984 Loaded shared library C:\Program Files\Android\Android Studio\jbr\bin\verify.dll

Deoptimization events (20 events):
Event: 100.474 Thread 0x00000221c58204a0 Uncommon trap: trap_request=0xffffff45 fr.pc=0x00000221b3cd4440 relative=0x00000000000009a0
Event: 100.474 Thread 0x00000221c58204a0 Uncommon trap: reason=unstable_if action=reinterpret pc=0x00000221b3cd4440 method=java.util.zip.ZipFile$Source.getEntryPos(Ljava/lang/String;Z)I @ 156 c2
Event: 100.474 Thread 0x00000221c58204a0 DEOPT PACKING pc=0x00000221b3cd4440 sp=0x000000d953ffa990
Event: 100.474 Thread 0x00000221c58204a0 DEOPT UNPACKING pc=0x00000221b32043a2 sp=0x000000d953ffa8b0 mode 2
Event: 100.474 Thread 0x00000221c58204a0 Uncommon trap: trap_request=0xffffff45 fr.pc=0x00000221b38811d8 relative=0x0000000000000d98
Event: 100.474 Thread 0x00000221c58204a0 Uncommon trap: reason=unstable_if action=reinterpret pc=0x00000221b38811d8 method=java.util.zip.ZipCoder$UTF8ZipCoder.hasTrailingSlash([BI)Z @ 11 c2
Event: 100.474 Thread 0x00000221c58204a0 DEOPT PACKING pc=0x00000221b38811d8 sp=0x000000d953ffa8d0
Event: 100.474 Thread 0x00000221c58204a0 DEOPT UNPACKING pc=0x00000221b32043a2 sp=0x000000d953ffa840 mode 2
Event: 100.476 Thread 0x00000221c58204a0 Uncommon trap: trap_request=0xffffff45 fr.pc=0x00000221b37c3258 relative=0x0000000000000598
Event: 100.476 Thread 0x00000221c58204a0 Uncommon trap: reason=unstable_if action=reinterpret pc=0x00000221b37c3258 method=java.util.zip.ZipFile$Source.getEntryPos(Ljava/lang/String;Z)I @ 105 c2
Event: 100.476 Thread 0x00000221c58204a0 DEOPT PACKING pc=0x00000221b37c3258 sp=0x000000d953ffaac0
Event: 100.476 Thread 0x00000221c58204a0 DEOPT UNPACKING pc=0x00000221b32043a2 sp=0x000000d953ffaa58 mode 2
Event: 100.519 Thread 0x00000221c58204a0 DEOPT PACKING pc=0x00000221ad16475d sp=0x000000d953ffab10
Event: 100.519 Thread 0x00000221c58204a0 DEOPT UNPACKING pc=0x00000221b3204b42 sp=0x000000d953ffa018 mode 0
Event: 100.523 Thread 0x00000221c58204a0 DEOPT PACKING pc=0x00000221ad378dfe sp=0x000000d953ffa8d0
Event: 100.523 Thread 0x00000221c58204a0 DEOPT UNPACKING pc=0x00000221b3204b42 sp=0x000000d953ff9d40 mode 0
Event: 100.579 Thread 0x00000221c9953f10 Uncommon trap: trap_request=0xffffffde fr.pc=0x00000221b3b8ea48 relative=0x00000000000007a8
Event: 100.580 Thread 0x00000221c9953f10 Uncommon trap: reason=class_check action=maybe_recompile pc=0x00000221b3b8ea48 method=java.lang.ThreadLocal.setInitialValue(Ljava/lang/Thread;)Ljava/lang/Object; @ 27 c2
Event: 100.580 Thread 0x00000221c9953f10 DEOPT PACKING pc=0x00000221b3b8ea48 sp=0x000000d955afedb0
Event: 100.580 Thread 0x00000221c9953f10 DEOPT UNPACKING pc=0x00000221b32043a2 sp=0x000000d955afed80 mode 2

Classes loaded (20 events):
Event: 100.320 Loading class javax/management/InstanceNotFoundException
Event: 100.321 Loading class javax/management/InstanceNotFoundException done
Event: 100.555 Loading class java/time/temporal/TemporalQueries
Event: 100.557 Loading class java/time/temporal/TemporalQueries done
Event: 100.557 Loading class java/time/temporal/TemporalQueries$1
Event: 100.559 Loading class java/time/temporal/TemporalQueries$1 done
Event: 100.559 Loading class java/time/temporal/TemporalQueries$2
Event: 100.560 Loading class java/time/temporal/TemporalQueries$2 done
Event: 100.560 Loading class java/time/temporal/TemporalQueries$3
Event: 100.560 Loading class java/time/temporal/TemporalQueries$3 done
Event: 100.560 Loading class java/time/temporal/TemporalQueries$4
Event: 100.561 Loading class java/time/temporal/TemporalQueries$4 done
Event: 100.561 Loading class java/time/temporal/TemporalQueries$5
Event: 100.561 Loading class java/time/temporal/TemporalQueries$5 done
Event: 100.561 Loading class java/time/temporal/TemporalQueries$6
Event: 100.562 Loading class java/time/temporal/TemporalQueries$6 done
Event: 100.562 Loading class java/time/temporal/TemporalQueries$7
Event: 100.563 Loading class java/time/temporal/TemporalQueries$7 done
Event: 100.565 Loading class java/time/LocalDate$1
Event: 100.567 Loading class java/time/LocalDate$1 done

Classes unloaded (0 events):
No events

Classes redefined (0 events):
No events

Internal exceptions (20 events):
Event: 100.405 Thread 0x00000221c58204a0 Exception <a 'sun/nio/fs/WindowsException'{0x0000000089077fb8}> (0x0000000089077fb8) 
thrown [s\src\hotspot\share\prims\jni.cpp, line 537]
Event: 100.424 Thread 0x00000221c58204a0 Exception <a 'sun/nio/fs/WindowsException'{0x00000000890a2da8}> (0x00000000890a2da8) 
thrown [s\src\hotspot\share\prims\jni.cpp, line 537]
Event: 100.427 Thread 0x00000221c58204a0 Exception <a 'sun/nio/fs/WindowsException'{0x00000000890aeab0}> (0x00000000890aeab0) 
thrown [s\src\hotspot\share\prims\jni.cpp, line 537]
Event: 100.429 Thread 0x00000221c58204a0 Exception <a 'sun/nio/fs/WindowsException'{0x00000000890b7668}> (0x00000000890b7668) 
thrown [s\src\hotspot\share\prims\jni.cpp, line 537]
Event: 100.432 Thread 0x00000221c58204a0 Exception <a 'sun/nio/fs/WindowsException'{0x00000000890be150}> (0x00000000890be150) 
thrown [s\src\hotspot\share\prims\jni.cpp, line 537]
Event: 100.434 Thread 0x00000221c58204a0 Exception <a 'sun/nio/fs/WindowsException'{0x00000000890c7d08}> (0x00000000890c7d08) 
thrown [s\src\hotspot\share\prims\jni.cpp, line 537]
Event: 100.453 Thread 0x00000221c58204a0 Exception <a 'sun/nio/fs/WindowsException'{0x00000000890ff2f0}> (0x00000000890ff2f0) 
thrown [s\src\hotspot\share\prims\jni.cpp, line 537]
Event: 100.455 Thread 0x00000221c58204a0 Exception <a 'sun/nio/fs/WindowsException'{0x0000000088f0cdf0}> (0x0000000088f0cdf0) 
thrown [s\src\hotspot\share\prims\jni.cpp, line 537]
Event: 100.459 Thread 0x00000221c58204a0 Exception <a 'sun/nio/fs/WindowsException'{0x0000000088f1d660}> (0x0000000088f1d660) 
thrown [s\src\hotspot\share\prims\jni.cpp, line 537]
Event: 100.475 Thread 0x00000221c58204a0 Exception <a 'sun/nio/fs/WindowsException'{0x0000000088f1fd78}> (0x0000000088f1fd78) 
thrown [s\src\hotspot\share\prims\jni.cpp, line 537]
Event: 100.482 Thread 0x00000221c58204a0 Exception <a 'sun/nio/fs/WindowsException'{0x0000000088f288a8}> (0x0000000088f288a8) 
thrown [s\src\hotspot\share\prims\jni.cpp, line 537]
Event: 100.501 Thread 0x00000221c58204a0 Exception <a 'sun/nio/fs/WindowsException'{0x0000000088f341e0}> (0x0000000088f341e0) 
thrown [s\src\hotspot\share\prims\jni.cpp, line 537]
Event: 100.502 Thread 0x00000221c58204a0 Exception <a 'sun/nio/fs/WindowsException'{0x0000000088f3fc60}> (0x0000000088f3fc60) 
thrown [s\src\hotspot\share\prims\jni.cpp, line 537]
Event: 100.507 Thread 0x00000221c58204a0 Exception <a 'sun/nio/fs/WindowsException'{0x0000000088f4bdf0}> (0x0000000088f4bdf0) 
thrown [s\src\hotspot\share\prims\jni.cpp, line 537]
Event: 100.511 Thread 0x00000221c58204a0 Exception <a 'sun/nio/fs/WindowsException'{0x0000000088f5a4f0}> (0x0000000088f5a4f0) 
thrown [s\src\hotspot\share\prims\jni.cpp, line 537]
Event: 100.543 Thread 0x00000221c58204a0 Exception <a 'sun/nio/fs/WindowsException'{0x0000000088f71170}> (0x0000000088f71170) 
thrown [s\src\hotspot\share\prims\jni.cpp, line 537]
Event: 100.568 Thread 0x00000221c58204a0 Exception <a 'sun/nio/fs/WindowsException'{0x0000000088f80330}> (0x0000000088f80330) 
thrown [s\src\hotspot\share\prims\jni.cpp, line 537]
Event: 100.572 Thread 0x00000221c58204a0 Exception <a 'sun/nio/fs/WindowsException'{0x0000000088f8a530}> (0x0000000088f8a530) 
thrown [s\src\hotspot\share\prims\jni.cpp, line 537]
Event: 100.726 Thread 0x00000221c9953f10 Exception <a 'sun/nio/fs/WindowsException'{0x0000000088e01020}> (0x0000000088e01020) 
thrown [s\src\hotspot\share\prims\jni.cpp, line 537]
Event: 100.750 Thread 0x00000221c58204a0 Exception <a 'java/lang/NoSuchMethodError'{0x0000000088f9dc48}: 'void java.lang.invoke.DirectMethodHandle$Holder.invokeInterface(java.lang.Object, java.lang.Object, java.lang.Object, int)'> (0x0000000088f9dc48) 
thrown [s\src\hotspot\share\interpreter\linkResolver.cpp, line 784]

ZGC Phase Switch (0 events):
No events

VM Operations (20 events):
Event: 94.175 Executing non-safepoint VM operation: HandshakeAllThreads (Deoptimize)
Event: 94.181 Executing non-safepoint VM operation: HandshakeAllThreads (Deoptimize) done
Event: 94.862 Executing safepoint VM operation: G1CollectForAllocation (G1 Evacuation Pause)
Event: 94.913 Executing safepoint VM operation: G1CollectForAllocation (G1 Evacuation Pause) done
Event: 95.741 Executing safepoint VM operation: G1CollectForAllocation (G1 Evacuation Pause)
Event: 95.764 Executing safepoint VM operation: G1CollectForAllocation (G1 Evacuation Pause) done
Event: 96.743 Executing safepoint VM operation: G1CollectForAllocation (G1 Evacuation Pause)
Event: 96.775 Executing safepoint VM operation: G1CollectForAllocation (G1 Evacuation Pause) done
Event: 97.274 Executing safepoint VM operation: G1CollectForAllocation (G1 Evacuation Pause)
Event: 97.299 Executing safepoint VM operation: G1CollectForAllocation (G1 Evacuation Pause) done
Event: 97.549 Executing safepoint VM operation: G1PauseRemark
Event: 97.635 Executing safepoint VM operation: G1PauseRemark done
Event: 97.733 Executing safepoint VM operation: G1PauseCleanup
Event: 97.733 Executing safepoint VM operation: G1PauseCleanup done
Event: 98.738 Executing safepoint VM operation: Cleanup
Event: 98.758 Executing safepoint VM operation: Cleanup done
Event: 99.768 Executing safepoint VM operation: Cleanup
Event: 99.768 Executing safepoint VM operation: Cleanup done
Event: 100.220 Executing non-safepoint VM operation: HandshakeAllThreads (Deoptimize)
Event: 100.220 Executing non-safepoint VM operation: HandshakeAllThreads (Deoptimize) done

Memory protections (0 events):
No events

Nmethod flushes (20 events):
Event: 97.633 Thread 0x00000221bf41e110 flushing  nmethod 0x00000221ac514f90
Event: 97.633 Thread 0x00000221bf41e110 flushing  nmethod 0x00000221ac525310
Event: 97.633 Thread 0x00000221bf41e110 flushing  nmethod 0x00000221ac559c10
Event: 97.633 Thread 0x00000221bf41e110 flushing  nmethod 0x00000221ac575b10
Event: 97.633 Thread 0x00000221bf41e110 flushing  nmethod 0x00000221ac577410
Event: 97.633 Thread 0x00000221bf41e110 flushing  nmethod 0x00000221ac583990
Event: 97.633 Thread 0x00000221bf41e110 flushing  nmethod 0x00000221ac59e610
Event: 97.633 Thread 0x00000221bf41e110 flushing  nmethod 0x00000221ac59f390
Event: 97.633 Thread 0x00000221bf41e110 flushing  nmethod 0x00000221ac5cb190
Event: 97.633 Thread 0x00000221bf41e110 flushing  nmethod 0x00000221ac63cc90
Event: 97.633 Thread 0x00000221bf41e110 flushing  nmethod 0x00000221ac65cd10
Event: 97.633 Thread 0x00000221bf41e110 flushing  nmethod 0x00000221ac6ec490
Event: 97.633 Thread 0x00000221bf41e110 flushing  nmethod 0x00000221ac795710
Event: 97.633 Thread 0x00000221bf41e110 flushing  nmethod 0x00000221ac7fad10
Event: 97.633 Thread 0x00000221bf41e110 flushing  nmethod 0x00000221ac848610
Event: 97.633 Thread 0x00000221bf41e110 flushing  nmethod 0x00000221ac9fb690
Event: 97.633 Thread 0x00000221bf41e110 flushing  nmethod 0x00000221ad163110
Event: 97.633 Thread 0x00000221bf41e110 flushing  nmethod 0x00000221ad16c310
Event: 97.633 Thread 0x00000221bf41e110 flushing  nmethod 0x00000221ad171110
Event: 97.633 Thread 0x00000221bf41e110 flushing  nmethod 0x00000221ad276a10

Events (20 events):
Event: 67.034 Thread 0x00000221c58204a0 Thread added: 0x00000221c6d69a90
Event: 67.058 Thread 0x00000221c6d69a90 Thread added: 0x00000221c6d6ae40
Event: 67.100 Thread 0x00000221c6d6ae40 Thread added: 0x00000221c6d6a120
Event: 70.025 Thread 0x00000221c6d69a90 Thread added: 0x00000221c6d6b4d0
Event: 72.863 Thread 0x00000221c6d6ae40 Thread added: 0x00000221c8129690
Event: 72.944 Thread 0x00000221c6d6ae40 Thread added: 0x00000221c812aa40
Event: 73.272 Thread 0x00000221c6d69a90 Thread added: 0x00000221c8129d20
Event: 74.058 Thread 0x00000221c6d69a90 Thread added: 0x00000221c91c5690
Event: 76.228 Thread 0x00000221c6d69a90 Thread added: 0x00000221c91c6a40
Event: 76.969 Thread 0x00000221c6d69a90 Thread added: 0x00000221c9951e40
Event: 77.219 Thread 0x00000221c6d69a90 Thread added: 0x00000221c99517b0
Event: 78.823 Thread 0x00000221c6d6ae40 Thread added: 0x00000221cf2a9b70
Event: 82.112 Thread 0x00000221c6d69a90 Thread added: 0x00000221c9953880
Event: 84.445 Thread 0x00000221c6d69a90 Thread added: 0x00000221c994e9c0
Event: 86.469 Thread 0x00000221c6d69a90 Thread added: 0x00000221c994fd70
Event: 93.024 Thread 0x00000221c6d69a90 Thread added: 0x00000221c6d69400
Event: 99.727 Thread 0x00000221c81268a0 Thread exited: 0x00000221c81268a0
Event: 99.727 Thread 0x00000221c8128970 Thread exited: 0x00000221c8128970
Event: 99.727 Thread 0x00000221c7145a60 Thread exited: 0x00000221c7145a60
Event: 100.575 Thread 0x00000221c58204a0 Thread added: 0x00000221c9953f10


Dynamic libraries:
0x00007ff6b5e50000 - 0x00007ff6b5e5a000 	C:\Program Files\Android\Android Studio\jbr\bin\java.exe
0x00007ffbe9520000 - 0x00007ffbe9787000 	C:\WINDOWS\SYSTEM32\ntdll.dll
0x00007ffbe7a00000 - 0x00007ffbe7ac9000 	C:\WINDOWS\System32\KERNEL32.DLL
0x00007ffbe6ea0000 - 0x00007ffbe7297000 	C:\WINDOWS\System32\KERNELBASE.dll
0x00007ffbe6d50000 - 0x00007ffbe6e9b000 	C:\WINDOWS\System32\ucrtbase.dll
0x00007ffb47090000 - 0x00007ffb470a8000 	C:\Program Files\Android\Android Studio\jbr\bin\jli.dll
0x00007ffbe3840000 - 0x00007ffbe385b000 	C:\Program Files\Android\Android Studio\jbr\bin\VCRUNTIME140.dll
0x00007ffbe7690000 - 0x00007ffbe7856000 	C:\WINDOWS\System32\USER32.dll
0x00007ffbe6370000 - 0x00007ffbe6397000 	C:\WINDOWS\System32\win32u.dll
0x00007ffbe9220000 - 0x00007ffbe924b000 	C:\WINDOWS\System32\GDI32.dll
0x00007ffbe6000000 - 0x00007ffbe612c000 	C:\WINDOWS\System32\gdi32full.dll
0x00007ffbe5f50000 - 0x00007ffbe5ff3000 	C:\WINDOWS\System32\msvcp_win.dll
0x00007ffbcd2d0000 - 0x00007ffbcd562000 	C:\WINDOWS\WinSxS\amd64_microsoft.windows.common-controls_6595b64144ccf1df_6.0.26100.8457_none_3e0b2faee331e92d\COMCTL32.dll
0x00007ffbe7b80000 - 0x00007ffbe7c29000 	C:\WINDOWS\System32\msvcrt.dll
0x00007ffbe7ad0000 - 0x00007ffbe7b02000 	C:\WINDOWS\System32\IMM32.DLL
0x00007ffbd5a60000 - 0x00007ffbd5a6c000 	C:\Program Files\Android\Android Studio\jbr\bin\vcruntime140_1.dll
0x00007ffb41100000 - 0x00007ffb4118d000 	C:\Program Files\Android\Android Studio\jbr\bin\msvcp140.dll
0x00007ffb45930000 - 0x00007ffb465c6000 	C:\Program Files\Android\Android Studio\jbr\bin\server\jvm.dll
0x00007ffbe92e0000 - 0x00007ffbe9396000 	C:\WINDOWS\System32\ADVAPI32.dll
0x00007ffbe9430000 - 0x00007ffbe94d7000 	C:\WINDOWS\System32\sechost.dll
0x00007ffbe7570000 - 0x00007ffbe7688000 	C:\WINDOWS\System32\RPCRT4.dll
0x00007ffbe93a0000 - 0x00007ffbe9420000 	C:\WINDOWS\System32\WS2_32.dll
0x00007ffbe5dd0000 - 0x00007ffbe5e2e000 	C:\WINDOWS\SYSTEM32\POWRPROF.dll
0x00007ffbe0570000 - 0x00007ffbe05a6000 	C:\WINDOWS\SYSTEM32\WINMM.dll
0x00007ffbe05b0000 - 0x00007ffbe05bb000 	C:\WINDOWS\SYSTEM32\VERSION.dll
0x00007ffbe5db0000 - 0x00007ffbe5dc4000 	C:\WINDOWS\SYSTEM32\UMPDC.dll
0x00007ffbe4ce0000 - 0x00007ffbe4cfb000 	C:\WINDOWS\SYSTEM32\kernel.appcore.dll
0x00007ffbd5a50000 - 0x00007ffbd5a5a000 	C:\Program Files\Android\Android Studio\jbr\bin\jimage.dll
0x00007ffbdb630000 - 0x00007ffbdb872000 	C:\WINDOWS\SYSTEM32\DBGHELP.DLL
0x00007ffbe8610000 - 0x00007ffbe8993000 	C:\WINDOWS\System32\combase.dll
0x00007ffbe9090000 - 0x00007ffbe9169000 	C:\WINDOWS\System32\OLEAUT32.dll
0x00007ffbcd700000 - 0x00007ffbcd73b000 	C:\WINDOWS\SYSTEM32\dbgcore.DLL
0x00007ffbe6ca0000 - 0x00007ffbe6d48000 	C:\WINDOWS\System32\bcryptPrimitives.dll
0x00007ffba3b70000 - 0x00007ffba3b7e000 	C:\Program Files\Android\Android Studio\jbr\bin\instrument.dll
0x00007ffbcb660000 - 0x00007ffbcb680000 	C:\Program Files\Android\Android Studio\jbr\bin\java.dll
0x00007ffbcaaf0000 - 0x00007ffbcab08000 	C:\Program Files\Android\Android Studio\jbr\bin\zip.dll
0x00007ffbe7c30000 - 0x00007ffbe839e000 	C:\WINDOWS\System32\SHELL32.dll
0x00007ffbe6430000 - 0x00007ffbe6c9c000 	C:\WINDOWS\System32\windows.storage.dll
0x00007ffbe72c0000 - 0x00007ffbe73b6000 	C:\WINDOWS\System32\SHCORE.dll
0x00007ffbe7b10000 - 0x00007ffbe7b76000 	C:\WINDOWS\System32\shlwapi.dll
0x00007ffbe5e70000 - 0x00007ffbe5e99000 	C:\WINDOWS\SYSTEM32\profapi.dll
0x00007ffbd5a40000 - 0x00007ffbd5a50000 	C:\Program Files\Android\Android Studio\jbr\bin\net.dll
0x00007ffbdc3f0000 - 0x00007ffbdc519000 	C:\WINDOWS\SYSTEM32\WINHTTP.dll
0x00007ffbe5250000 - 0x00007ffbe52bc000 	C:\WINDOWS\system32\mswsock.dll
0x00007ffbc3270000 - 0x00007ffbc3286000 	C:\Program Files\Android\Android Studio\jbr\bin\nio.dll
0x00007ffba3bd0000 - 0x00007ffba3be0000 	C:\Program Files\Android\Android Studio\jbr\bin\verify.dll
0x00007ffb41680000 - 0x00007ffb416a7000 	C:\Users\HP\.gradle\native\660c5614fbf4a5f2a75b1949f50a0caf5cd603558e7d8a26e50b933a0cfb79d1\windows-amd64\native-platform.dll
0x00007ffb3fe70000 - 0x00007ffb3fee7000 	C:\Users\HP\.gradle\native\0.2.8\x86_64-windows-gnu\gradle-fileevents.dll
0x00007ffbcaae0000 - 0x00007ffbcaae9000 	C:\Program Files\Android\Android Studio\jbr\bin\management.dll
0x00007ffbb4930000 - 0x00007ffbb493b000 	C:\Program Files\Android\Android Studio\jbr\bin\management_ext.dll
0x00007ffbe7560000 - 0x00007ffbe7568000 	C:\WINDOWS\System32\PSAPI.DLL
0x00007ffbe47a0000 - 0x00007ffbe47d2000 	C:\WINDOWS\SYSTEM32\IPHLPAPI.DLL
0x00007ffbe92d0000 - 0x00007ffbe92da000 	C:\WINDOWS\System32\NSI.dll
0x00007ffbcb650000 - 0x00007ffbcb659000 	C:\Program Files\Android\Android Studio\jbr\bin\extnet.dll
0x00007ffbe5530000 - 0x00007ffbe554b000 	C:\WINDOWS\SYSTEM32\CRYPTSP.dll
0x00007ffbe4c40000 - 0x00007ffbe4c79000 	C:\WINDOWS\system32\rsaenh.dll
0x00007ffbe5300000 - 0x00007ffbe5333000 	C:\WINDOWS\SYSTEM32\USERENV.dll
0x00007ffbe5e40000 - 0x00007ffbe5e6a000 	C:\WINDOWS\SYSTEM32\bcrypt.dll
0x00007ffbe5550000 - 0x00007ffbe555c000 	C:\WINDOWS\SYSTEM32\CRYPTBASE.dll
0x00007ffba5a70000 - 0x00007ffba5a78000 	C:\WINDOWS\system32\wshunix.dll
0x00007ffbe47e0000 - 0x00007ffbe4912000 	C:\WINDOWS\SYSTEM32\DNSAPI.dll
0x00007ffbd0e10000 - 0x00007ffbd0e1b000 	C:\Windows\System32\rasadhlp.dll
0x00007ffbdade0000 - 0x00007ffbdae66000 	C:\WINDOWS\System32\fwpuclnt.dll
0x00007ffbe4e00000 - 0x00007ffbe4e36000 	C:\WINDOWS\SYSTEM32\ntmarta.dll

JVMTI agents:
C:\Users\HP\.gradle\wrapper\dists\gradle-9.3.1-bin\23ovyewtku6u96viwx3xl3oks\gradle-9.3.1\lib\agents\gradle-instrumentation-agent-9.3.1.jar path:C:\Program Files\Android\Android Studio\jbr\bin\instrument.dll, loaded, initialized, instrumentlib options:none

dbghelp: loaded successfully - version: 4.0.5 - missing functions: none
symbol engine: initialized successfully - sym options: 0x614 - pdb path: .;C:\Program Files\Android\Android Studio\jbr\bin;C:\WINDOWS\SYSTEM32;C:\WINDOWS\WinSxS\amd64_microsoft.windows.common-controls_6595b64144ccf1df_6.0.26100.8457_none_3e0b2faee331e92d;C:\Program Files\Android\Android Studio\jbr\bin\server;C:\Users\HP\.gradle\native\660c5614fbf4a5f2a75b1949f50a0caf5cd603558e7d8a26e50b933a0cfb79d1\windows-amd64;C:\Users\HP\.gradle\native\0.2.8\x86_64-windows-gnu

VM Arguments:
jvm_args: --add-opens=java.base/java.lang=ALL-UNNAMED --add-opens=java.base/java.lang.invoke=ALL-UNNAMED --add-opens=java.base/java.util=ALL-UNNAMED --add-opens=java.prefs/java.util.prefs=ALL-UNNAMED --add-exports=jdk.compiler/com.sun.tools.javac.api=ALL-UNNAMED --add-exports=jdk.compiler/com.sun.tools.javac.util=ALL-UNNAMED --add-opens=java.base/java.util=ALL-UNNAMED --add-opens=java.prefs/java.util.prefs=ALL-UNNAMED --add-opens=java.base/java.nio.charset=ALL-UNNAMED --add-opens=java.base/java.net=ALL-UNNAMED --add-opens=java.base/java.util.concurrent=ALL-UNNAMED --add-opens=java.base/java.util.concurrent.atomic=ALL-UNNAMED --add-opens=java.xml/javax.xml.namespace=ALL-UNNAMED --add-opens=java.base/java.time=ALL-UNNAMED -Xmx2048m -Dfile.encoding=UTF-8 -Duser.country=FR -Duser.language=fr -Duser.variant -javaagent:C:\Users\HP\.gradle\wrapper\dists\gradle-9.3.1-bin\23ovyewtku6u96viwx3xl3oks\gradle-9.3.1\lib\agents\gradle-instrumentation-agent-9.3.1.jar 
java_command: org.gradle.launcher.daemon.bootstrap.GradleDaemon 9.3.1
java_class_path (initial): C:\Users\HP\.gradle\wrapper\dists\gradle-9.3.1-bin\23ovyewtku6u96viwx3xl3oks\gradle-9.3.1\lib\gradle-daemon-main-9.3.1.jar
Launcher Type: SUN_STANDARD

[Global flags]
     intx CICompilerCount                          = 2                                         {product} {ergonomic}
     uint ConcGCThreads                            = 1                                         {product} {ergonomic}
     uint G1ConcRefinementThreads                  = 2                                         {product} {ergonomic}
   size_t G1HeapRegionSize                         = 1048576                                   {product} {ergonomic}
    uintx GCDrainStackTargetSize                   = 64                                        {product} {ergonomic}
   size_t InitialHeapSize                          = 58720256                                  {product} {ergonomic}
   size_t MarkStackSize                            = 4194304                                   {product} {ergonomic}
   size_t MaxHeapSize                              = 2147483648                                {product} {command line}
   size_t MaxNewSize                               = 1287651328                                {product} {ergonomic}
   size_t MinHeapDeltaBytes                        = 1048576                                   {product} {ergonomic}
   size_t MinHeapSize                              = 8388608                                   {product} {ergonomic}
    uintx NonNMethodCodeHeapSize                   = 5826188                                {pd product} {ergonomic}
    uintx NonProfiledCodeHeapSize                  = 122916026                              {pd product} {ergonomic}
    uintx ProfiledCodeHeapSize                     = 122916026                              {pd product} {ergonomic}
    uintx ReservedCodeCacheSize                    = 251658240                              {pd product} {ergonomic}
     bool SegmentedCodeCache                       = true                                      {product} {ergonomic}
   size_t SoftMaxHeapSize                          = 2147483648                             {manageable} {ergonomic}
     bool UseCompressedOops                        = true                           {product lp64_product} {ergonomic}
     bool UseG1GC                                  = true                                      {product} {ergonomic}
     bool UseLargePagesIndividualAllocation        = false                                  {pd product} {ergonomic}

Logging:
Log output configuration:
 #0: stdout all=warning uptime,level,tags foldmultilines=false
 #1: stderr all=off uptime,level,tags foldmultilines=false

Release file:
JAVA_VERSION="21.0.10" 
MODULES="java.base java.compiler java.datatransfer java.xml java.prefs java.desktop java.instrument java.logging java.management java.security.sasl java.naming java.rmi java.management.rmi java.net.http java.scripting java.security.jgss java.transaction.xa java.sql java.sql.rowset java.xml.crypto java.se java.smartcardio jdk.accessibility jdk.internal.jvmstat jdk.attach jdk.charsets jdk.internal.opt jdk.zipfs jdk.compiler jdk.crypto.ec jdk.crypto.cryptoki jdk.dynalink jdk.hotspot.agent jdk.httpserver jdk.internal.ed jdk.internal.le jdk.internal.vm.ci jdk.jartool jdk.javadoc jdk.jcmd jdk.jdeps jdk.jdwp.agent jdk.jdi jdk.jfr jdk.jlink jdk.jsobject jdk.localedata jdk.management jdk.management.agent jdk.management.jfr jdk.naming.dns jdk.naming.rmi jdk.net jdk.sctp jdk.security.auth jdk.security.jgss jdk.unsupported jdk.unsupported.desktop jdk.xml.dom" 
IMPLEMENTOR="JetBrains s.r.o." 
JAVA_RUNTIME_VERSION="21.0.10+-14961533-b1163.108" 
LIBC="default" 
OS_ARCH="x86_64" 
OS_NAME="Windows" 
SOURCE=".:git:1351622c2ff2" 

Environment Variables:
PATH=C:\oraclexe\app\oracle\product\11.2.0\server\bin;;C:\Program Files\Common Files\Oracle\Java\javapath;C:\WINDOWS\system32;C:\WINDOWS;C:\WINDOWS\System32\Wbem;C:\WINDOWS\System32\WindowsPowerShell\v1.0\;C:\WINDOWS\System32\OpenSSH\;C:\Program Files\Microsoft VS Code\bin;C:\Program Files\Microsoft SQL Server\150\Tools\Binn\;C:\Program Files\Microsoft SQL Server\Client SDK\ODBC\170\Tools\Binn\;C:\Program Files\dotnet\;C:\Users\HP\AppData\Local\Programs\Python\Python312\Scripts\;C:\Users\HP\AppData\Local\Programs\Python\Python312\;C:\Users\HP\AppData\Local\Microsoft\WindowsApps;;C:\Program Files\JetBrains\PyCharm Community Edition 2023.1.3\bin;;C:\Users\HP\AppData\Local\Programs\Microsoft VS Code\bin;C:\Users\HP\.dotnet\tools
USERNAME=HP
OS=Windows_NT
PROCESSOR_IDENTIFIER=AMD64 Family 23 Model 24 Stepping 1, AuthenticAMD
TMP=C:\Users\HP\AppData\Local\Temp
TEMP=C:\Users\HP\AppData\Local\Temp




Periodic native trim disabled

JNI global refs:
JNI global refs: 25, weak refs: 0

JNI global refs memory usage: 835, weak refs: 201

Process memory usage:
Resident Set Size: 457784K (12% of 3584984K total physical memory with 148680K free physical memory)

OOME stack traces (most recent first):
Classloader memory used:
Loader org.gradle.internal.classloader.VisitableURLClassLoader                         : 45916K
Loader org.gradle.internal.classloader.VisitableURLClassLoader$InstrumentingVisitableURLClassLoader: 35486K
Loader bootstrap                                                                       : 33978K
Loader org.gradle.initialization.MixInLegacyTypesClassLoader                           : 13106K
Loader jdk.internal.loader.ClassLoaders$PlatformClassLoader                            : 486K
Loader jdk.internal.reflect.DelegatingClassLoader                                      : 429K
Loader jdk.internal.loader.ClassLoaders$AppClassLoader                                 : 231K
Loader org.gradle.internal.classloader.VisitableURLClassLoader                         : 172K
Loader org.gradle.groovy.scripts.internal.DefaultScriptCompilationHandler$ScriptClassLoader: 128K
Loader sun.reflect.misc.MethodUtil                                                     : 2984B

Classes loaded by more than one classloader:
Class Program                                                                         : loaded 5 times (x 72B)
Class Build_gradle                                                                    : loaded 3 times (x 126B)
Class com.google.common.collect.RegularImmutableMap$KeySet                            : loaded 2 times (x 152B)
Class org.gradle.internal.classloader.FilteringClassLoader                            : loaded 2 times (x 105B)
Class [Lcom.google.common.collect.MapMakerInternalMap$Segment;                        : loaded 2 times (x 69B)
Class com.google.common.io.FileWriteMode                                              : loaded 2 times (x 79B)
Class [Lcom.google.common.base.AbstractIterator$State;                                : loaded 2 times (x 69B)
Class com.google.common.base.CharMatcher$IsEither                                     : loaded 2 times (x 111B)
Class org.gradle.internal.classloader.ClassLoaderHierarchy                            : loaded 2 times (x 70B)
Class com.google.common.collect.AbstractMapBasedMultimap$WrappedCollection            : loaded 2 times (x 124B)
Class com.google.common.collect.ImmutableEnumSet                                      : loaded 2 times (x 146B)
Class com.google.common.util.concurrent.ExecutionError                                : loaded 2 times (x 82B)
Class com.google.common.collect.ImmutableList$1                                       : loaded 2 times (x 97B)
Class org.gradle.api.internal.classpath.ManifestUtil                                  : loaded 2 times (x 71B)
Class com.google.common.collect.RegularImmutableMap                                   : loaded 2 times (x 121B)
Class com.google.common.collect.ImmutableMap$MapViewOfValuesAsSingletonSets           : loaded 2 times (x 126B)
Class com.google.common.reflect.TypeCapture                                           : loaded 2 times (x 71B)
Class com.google.common.collect.TransformedListIterator                               : loaded 2 times (x 93B)
Class [Lorg.objectweb.asm.Symbol;                                                     : loaded 2 times (x 69B)
Class org.objectweb.asm.ClassVisitor                                                  : loaded 2 times (x 88B)
Class com.google.common.collect.UnmodifiableListIterator                              : loaded 2 times (x 95B)
Class com.google.common.collect.MapMakerInternalMap$StrongKeyDummyValueEntry$LinkedStrongKeyDummyValueEntry: loaded 2 times (x 82B)
Class com.google.common.collect.MapMakerInternalMap$Strength                          : loaded 2 times (x 80B)
Class com.google.common.base.Platform$JdkPatternCompiler                              : loaded 2 times (x 75B)
Class org.objectweb.asm.MethodTooLargeException                                       : loaded 2 times (x 83B)
Class [Lcom.google.common.cache.CacheBuilder$OneWeigher;                              : loaded 2 times (x 69B)
Class com.google.common.base.Suppliers                                                : loaded 2 times (x 71B)
Class org.gradle.internal.classloader.DefaultClassLoaderFactory                       : loaded 2 times (x 82B)
Class com.google.common.base.CharMatcher$None                                         : loaded 2 times (x 112B)
Class org.gradle.internal.classloader.ClassLoaderVisitor                              : loaded 2 times (x 76B)
Class [Lcom.google.common.collect.ImmutableMapEntry;                                  : loaded 2 times (x 69B)
Class org.gradle.api.internal.classpath.EffectiveClassPath                            : loaded 2 times (x 90B)
Class com.google.common.collect.ListMultimap                                          : loaded 2 times (x 70B)
Class com.google.common.collect.ImmutableEnumMap                                      : loaded 2 times (x 126B)
Class com.google.common.collect.Iterators$EmptyModifiableIterator                     : loaded 2 times (x 86B)
Class com.google.common.base.Splitter                                                 : loaded 2 times (x 72B)
Class com.google.common.collect.Sets$1                                                : loaded 2 times (x 139B)
Class org.objectweb.asm.AnnotationVisitor                                             : loaded 2 times (x 78B)
Class ijKotlinCoroutineJvmDebugInit1_buww37xxpwyrlogzp1suct069$_run_closure1          : loaded 2 times (x 139B)
Class org.gradle.api.internal.DefaultClassPathProvider                                : loaded 2 times (x 76B)
Class com.google.common.collect.MapMakerInternalMap$Strength$1                        : loaded 2 times (x 80B)
Class com.google.common.collect.Maps$ViewCachingAbstractMap                           : loaded 2 times (x 125B)
Class com.google.common.collect.Sets$2                                                : loaded 2 times (x 139B)
Class [Lorg.gradle.api.internal.ClassPathProvider;                                    : loaded 2 times (x 69B)
Class org.gradle.api.internal.ClassPathProvider                                       : loaded 2 times (x 70B)
Class com.google.common.reflect.Types$ClassOwnership$1                                : loaded 2 times (x 80B)
Class com.google.common.collect.MapMakerInternalMap$Strength$2                        : loaded 2 times (x 80B)
Class com.google.common.base.AbstractIterator$State                                   : loaded 2 times (x 79B)
Class [Lorg.objectweb.asm.AnnotationVisitor;                                          : loaded 2 times (x 69B)
Class com.google.common.collect.Sets$3                                                : loaded 2 times (x 139B)
Class com.google.common.cache.LocalCache$LocalLoadingCache                            : loaded 2 times (x 134B)
Class org.gradle.internal.service.UnknownServiceException                             : loaded 2 times (x 83B)
Class com.google.common.reflect.Types$ClassOwnership$2                                : loaded 2 times (x 80B)
Class com.google.common.reflect.TypeResolver                                          : loaded 2 times (x 72B)
Class com.google.common.collect.MapMakerInternalMap$StrongValueEntry                  : loaded 2 times (x 70B)
Class com.google.common.collect.Sets$4                                                : loaded 2 times (x 139B)
Class org.objectweb.asm.ModuleVisitor                                                 : loaded 2 times (x 81B)
Class com.google.common.cache.LocalCache$Strength$1                                   : loaded 2 times (x 81B)
Class com.google.common.reflect.Types$ClassOwnership$3                                : loaded 2 times (x 71B)
Class com.google.common.util.concurrent.SettableFuture                                : loaded 2 times (x 114B)
Class com.google.common.cache.LocalCache$Strength$2                                   : loaded 2 times (x 81B)
Class com.google.common.collect.Interners$InternerImpl                                : loaded 2 times (x 75B)
Class com.google.common.collect.Interner                                              : loaded 2 times (x 70B)
Class com.google.common.collect.TransformedIterator                                   : loaded 2 times (x 80B)
Class com.google.common.base.Splitter$1                                               : loaded 2 times (x 77B)
Class com.google.common.cache.LocalCache$Strength$3                                   : loaded 2 times (x 81B)
Class com.google.common.collect.MapDifference                                         : loaded 2 times (x 70B)
Class com.google.common.reflect.Invokable                                             : loaded 2 times (x 103B)
Class com.google.common.collect.MapMaker$Dummy                                        : loaded 2 times (x 79B)
Class org.objectweb.asm.FieldWriter                                                   : loaded 2 times (x 78B)
Class com.google.common.cache.CacheBuilder$NullListener                               : loaded 2 times (x 82B)
Class org.gradle.internal.classpath.TransformedClassPath                              : loaded 2 times (x 96B)
Class com.google.common.base.Equivalence$Identity                                     : loaded 2 times (x 82B)
Class com.google.common.reflect.Types$ParameterizedTypeImpl                           : loaded 2 times (x 81B)
Class com.google.common.cache.CacheLoader$FunctionToCacheLoader                       : loaded 2 times (x 75B)
Class com.google.common.collect.Iterators$ArrayItr                                    : loaded 2 times (x 97B)
Class com.google.common.collect.ImmutableCollection$Builder                           : loaded 2 times (x 76B)
Class com.google.common.reflect.TypeResolver$TypeVariableKey                          : loaded 2 times (x 72B)
Class com.google.common.collect.BaseImmutableMultimap                                 : loaded 2 times (x 123B)
Class com.google.common.base.Joiner                                                   : loaded 2 times (x 79B)
Class com.google.common.base.MoreObjects                                              : loaded 2 times (x 71B)
Class com.google.common.collect.Platform                                              : loaded 2 times (x 71B)
Class [Lorg.objectweb.asm.Type;                                                       : loaded 2 times (x 69B)
Class com.google.common.collect.UnmodifiableIterator                                  : loaded 2 times (x 80B)
Class org.gradle.internal.service.ServiceLocator                                      : loaded 2 times (x 70B)
Class com.google.common.base.Ascii                                                    : loaded 2 times (x 71B)
Class com.google.common.collect.SingletonImmutableBiMap                               : loaded 2 times (x 143B)
Class com.google.common.cache.LocalCache$1                                            : loaded 2 times (x 89B)
Class com.google.common.collect.Iterators$SingletonIterator                           : loaded 2 times (x 81B)
Class com.google.common.collect.AbstractMapEntry                                      : loaded 2 times (x 81B)
Class com.google.common.reflect.TypeToken$SimpleTypeToken                             : loaded 2 times (x 73B)
Class com.google.common.collect.MapMakerInternalMap$AbstractStrongKeyEntry            : loaded 2 times (x 80B)
Class com.google.common.collect.Sets$ImprovedAbstractSet                              : loaded 2 times (x 135B)
Class com.google.common.collect.ImmutableList$Builder                                 : loaded 2 times (x 77B)
Class com.google.common.collect.AbstractMultimap                                      : loaded 2 times (x 123B)
Class com.google.common.cache.LocalCache$2                                            : loaded 2 times (x 142B)
Class com.google.common.collect.RegularImmutableAsList                                : loaded 2 times (x 217B)
Class com.google.common.util.concurrent.AbstractFuture$Trusted                        : loaded 2 times (x 70B)
Class com.google.common.collect.Iterators                                             : loaded 2 times (x 71B)
Class com.google.common.io.ByteSink$AsCharSink                                        : loaded 2 times (x 80B)
Class com.google.common.collect.Lists$StringAsImmutableList                           : loaded 2 times (x 207B)
Class com.google.common.util.concurrent.UncheckedExecutionException                   : loaded 2 times (x 82B)
Class org.gradle.kotlin.dsl.VersionCatalogAccessorsKt                                 : loaded 2 times (x 71B)
Class ijKotlinCoroutineJvmDebugInit1_buww37xxpwyrlogzp1suct069$_run_closure1$_closure2: loaded 2 times (x 139B)
Class com.google.common.collect.AbstractMapBasedMultimap$KeySet$1                     : loaded 2 times (x 82B)
Class org.objectweb.asm.ClassWriter                                                   : loaded 2 times (x 106B)
Class com.google.common.base.CharMatcher$And                                          : loaded 2 times (x 112B)
Class com.google.common.cache.CacheLoader$UnsupportedLoadingOperationException        : loaded 2 times (x 82B)
Class org.gradle.internal.classloader.ClasspathUtil$1                                 : loaded 2 times (x 76B)
Class com.google.common.base.Objects                                                  : loaded 2 times (x 71B)
Class org.objectweb.asm.FieldVisitor                                                  : loaded 2 times (x 77B)
Class com.google.common.collect.IndexedImmutableSet                                   : loaded 2 times (x 152B)
Class com.google.common.collect.ImmutableMap$1                                        : loaded 2 times (x 81B)
Class com.google.common.collect.BiMap                                                 : loaded 2 times (x 70B)
Class org.gradle.api.internal.classpath.DefaultModuleRegistry$DefaultModule           : loaded 2 times (x 86B)
Class com.google.common.reflect.Reflection                                            : loaded 2 times (x 71B)
Class com.google.common.primitives.Ints                                               : loaded 2 times (x 71B)
Class com.google.common.collect.AbstractIterator                                      : loaded 2 times (x 82B)
Class com.google.common.collect.ObjectArrays                                          : loaded 2 times (x 71B)
Class com.google.common.math.MathPreconditions                                        : loaded 2 times (x 71B)
Class com.google.common.collect.Multiset                                              : loaded 2 times (x 70B)
Class com.google.common.collect.ArrayListMultimapGwtSerializationDependencies         : loaded 2 times (x 172B)
Class com.google.common.collect.AbstractIndexedListIterator                           : loaded 2 times (x 96B)
Class com.google.common.collect.ImmutableMapEntrySet                                  : loaded 2 times (x 152B)
Class org.gradle.api.internal.classpath.Module                                        : loaded 2 times (x 70B)
Class com.google.common.cache.Weigher                                                 : loaded 2 times (x 70B)
Class org.gradle.api.internal.classpath.UnknownModuleException                        : loaded 2 times (x 82B)
Class com.google.common.base.Stopwatch                                                : loaded 2 times (x 72B)
Class com.google.common.cache.LocalCache$Strength                                     : loaded 2 times (x 81B)
Class com.google.common.cache.Cache                                                   : loaded 2 times (x 70B)
Class com.google.common.base.NullnessCasts                                            : loaded 2 times (x 71B)
Class com.google.common.util.concurrent.AbstractFuture$Cancellation                   : loaded 2 times (x 72B)
Class com.google.common.collect.ImmutableMap$Builder                                  : loaded 2 times (x 82B)
Class com.google.common.collect.AbstractMapBasedMultimap$WrappedCollection$WrappedIterator: loaded 2 times (x 84B)
Class com.google.common.cache.RemovalListener                                         : loaded 2 times (x 70B)
Class org.gradle.api.internal.DefaultClassPathRegistry                                : loaded 2 times (x 76B)
Class com.google.common.reflect.Invokable$ConstructorInvokable                        : loaded 2 times (x 107B)
Class com.google.common.primitives.IntsMethodsForWeb                                  : loaded 2 times (x 71B)
Class com.google.common.collect.Multimap                                              : loaded 2 times (x 70B)
Class org.gradle.api.internal.ClassPathRegistry                                       : loaded 2 times (x 70B)
Class org.gradle.internal.classpath.DefaultClassPath$ImmutableUniqueList              : loaded 2 times (x 199B)
Class com.google.common.reflect.TypeToken                                             : loaded 2 times (x 73B)
Class com.google.common.collect.MapMakerInternalMap$Segment                           : loaded 2 times (x 142B)
Class com.google.common.base.ExtraObjectsMethodsForWeb                                : loaded 2 times (x 71B)
Class org.gradle.internal.classloader.InstrumentingClassLoader                        : loaded 2 times (x 70B)
Class com.google.common.io.ByteSink                                                   : loaded 2 times (x 76B)
Class com.google.common.cache.CacheBuilder                                            : loaded 2 times (x 72B)
Class com.google.common.collect.SingletonImmutableList                                : loaded 2 times (x 207B)
Class Settings_gradle$1                                                               : loaded 2 times (x 74B)
Class org.gradle.internal.classpath.ClassPath                                         : loaded 2 times (x 70B)
Class [Lcom.google.common.reflect.Types$JavaVersion;                                  : loaded 2 times (x 69B)
Class com.google.common.collect.Interners$InternerBuilder                             : loaded 2 times (x 76B)
Class com.google.common.io.Files$FileByteSource                                       : loaded 2 times (x 85B)
Class com.google.common.base.JdkPattern                                               : loaded 2 times (x 75B)
Class com.google.common.collect.ImmutableList$ReverseImmutableList                    : loaded 2 times (x 209B)
Class org.objectweb.asm.SymbolTable$Entry                                             : loaded 2 times (x 74B)
Class org.objectweb.asm.Edge                                                          : loaded 2 times (x 72B)
Class com.google.common.base.Suppliers$SupplierOfInstance                             : loaded 2 times (x 79B)
Class com.google.common.collect.Iterators$1                                           : loaded 2 times (x 81B)
Class ijJvmDebugger1_cczc8vxz7m3kxxnoaqupzk0hw$_run_closure1$_closure2                : loaded 2 times (x 140B)
Class com.google.common.reflect.TypeToken$1                                           : loaded 2 times (x 110B)
Class com.google.common.cache.LocalCache$ComputingValueReference                      : loaded 2 times (x 96B)
Class com.google.common.collect.SingletonImmutableSet                                 : loaded 2 times (x 146B)
Class com.google.common.collect.ImmutableMap$IteratorBasedImmutableMap                : loaded 2 times (x 126B)
Class com.google.common.reflect.TypeToken$2                                           : loaded 2 times (x 110B)
Class com.google.common.cache.LocalCache$Segment                                      : loaded 2 times (x 154B)
Class com.google.common.collect.AbstractListMultimap                                  : loaded 2 times (x 172B)
Class [Lorg.objectweb.asm.SymbolTable$Entry;                                          : loaded 2 times (x 69B)
Class com.google.common.cache.CacheLoader                                             : loaded 2 times (x 74B)
Class com.google.common.collect.Iterators$4                                           : loaded 2 times (x 82B)
Class com.google.common.collect.ImmutableBiMap                                        : loaded 2 times (x 143B)
Class org.gradle.api.internal.classpath.ModuleRegistry                                : loaded 2 times (x 70B)
Class org.gradle.internal.installation.GradleInstallation$1                           : loaded 2 times (x 75B)
Class com.google.common.base.Splitter$SplittingIterator                               : loaded 2 times (x 84B)
Class com.google.common.collect.ImmutableSet$JdkBackedSetBuilderImpl                  : loaded 2 times (x 76B)
Class com.google.common.util.concurrent.internal.InternalFutureFailureAccess          : loaded 2 times (x 72B)
Class com.google.common.collect.Iterators$5                                           : loaded 2 times (x 82B)
Class com.google.common.base.CharMatcher$ForPredicate                                 : loaded 2 times (x 112B)
Class com.google.common.cache.LocalCache$LocalManualCache$1                           : loaded 2 times (x 75B)
Class com.google.common.base.CharMatcher$AnyOf                                        : loaded 2 times (x 112B)
Class com.google.common.collect.ImmutableCollection                                   : loaded 2 times (x 125B)
Class org.gradle.api.internal.classpath.DefaultModuleRegistry                         : loaded 2 times (x 86B)
Class com.google.common.collect.Lists                                                 : loaded 2 times (x 71B)
Class com.google.common.util.concurrent.ListenableFuture                              : loaded 2 times (x 70B)
Class com.google.common.cache.ReferenceEntry                                          : loaded 2 times (x 70B)
Class com.google.common.base.Converter                                                : loaded 2 times (x 90B)
Class com.google.common.collect.ImmutableSet$CachingAsList                            : loaded 2 times (x 148B)
Class com.google.common.collect.AbstractMapBasedMultimap                              : loaded 2 times (x 139B)
Class com.google.common.util.concurrent.AbstractFuture                                : loaded 2 times (x 106B)
Class com.google.common.base.FunctionalEquivalence                                    : loaded 2 times (x 83B)
Class com.google.common.collect.Iterators$9                                           : loaded 2 times (x 81B)
Class com.google.common.collect.ImmutableAsList                                       : loaded 2 times (x 209B)
Class com.google.common.reflect.TypeResolver$TypeTable                                : loaded 2 times (x 73B)
Class org.objectweb.asm.RecordComponentVisitor                                        : loaded 2 times (x 77B)
Class com.google.common.cache.CacheLoader$SupplierToCacheLoader                       : loaded 2 times (x 75B)
Class com.google.common.reflect.TypeResolver$TypeTable$1                              : loaded 2 times (x 73B)
Class com.google.common.collect.Maps$EntryTransformer                                 : loaded 2 times (x 70B)
Class org.gradle.internal.service.ServiceLookupException                              : loaded 2 times (x 82B)
Class [Lcom.google.common.cache.LocalCache$EntryFactory;                              : loaded 2 times (x 69B)
Class org.gradle.internal.classloader.ClassLoaderFactory                              : loaded 2 times (x 70B)
Class com.google.common.collect.ImmutableMap$SerializedForm                           : loaded 2 times (x 73B)
Class com.google.common.base.CommonPattern                                            : loaded 2 times (x 74B)
Class com.google.common.base.CharMatcher$IsNot                                        : loaded 2 times (x 111B)
Class com.google.common.cache.LocalCache$LocalManualCache                             : loaded 2 times (x 99B)
Class org.gradle.internal.service.CachingServiceLocator                               : loaded 2 times (x 82B)
Class com.google.common.collect.AbstractMapBasedMultimap$KeySet                       : loaded 2 times (x 137B)
Class com.google.common.math.IntMath                                                  : loaded 2 times (x 71B)
Class com.google.common.reflect.Types$TypeVariableInvocationHandler                   : loaded 2 times (x 75B)
Class com.google.common.collect.MapMakerInternalMap$InternalEntry                     : loaded 2 times (x 70B)
Class com.google.common.collect.ImmutableMapEntry                                     : loaded 2 times (x 85B)
Class com.google.common.collect.ImmutableMultimap                                     : loaded 2 times (x 147B)
Class com.google.common.base.Equivalence                                              : loaded 2 times (x 82B)
Class com.google.common.base.Function                                                 : loaded 2 times (x 70B)
Class com.google.common.collect.ImmutableMapEntry$NonTerminalImmutableMapEntry        : loaded 2 times (x 85B)
Class com.google.common.collect.IndexedImmutableSet$1                                 : loaded 2 times (x 213B)
Class com.google.common.cache.CacheBuilder$OneWeigher                                 : loaded 2 times (x 82B)
Class com.google.common.collect.RegularImmutableList                                  : loaded 2 times (x 213B)
Class com.google.common.reflect.Types$ClassOwnership$1LocalClass                      : loaded 2 times (x 71B)
Class org.gradle.internal.classloader.ClasspathUtil                                   : loaded 2 times (x 71B)
Class com.google.common.util.concurrent.Uninterruptibles                              : loaded 2 times (x 71B)
Class com.google.common.util.concurrent.LazyLogger                                    : loaded 2 times (x 72B)
Class com.google.common.collect.Maps                                                  : loaded 2 times (x 71B)
Class org.gradle.api.specs.Spec                                                       : loaded 2 times (x 70B)
Class com.google.common.reflect.Types$JavaVersion                                     : loaded 2 times (x 83B)
Class com.google.common.collect.MapMaker                                              : loaded 2 times (x 72B)
Class [Lcom.google.common.collect.ImmutableEntry;                                     : loaded 2 times (x 69B)
Class com.google.common.cache.LocalCache$LoadingValueReference                        : loaded 2 times (x 96B)
Class ijKotlinCoroutineJvmDebugInit1_buww37xxpwyrlogzp1suct069                        : loaded 2 times (x 171B)
Class ijJvmDebugger1_cczc8vxz7m3kxxnoaqupzk0hw                                        : loaded 2 times (x 171B)
Class com.google.common.reflect.Invokable$MethodInvokable                             : loaded 2 times (x 107B)
Class com.google.common.collect.MapMakerInternalMap$StrongKeyDummyValueEntry          : loaded 2 times (x 82B)
Class com.google.common.base.Platform                                                 : loaded 2 times (x 71B)
Class com.google.common.collect.AbstractMapBasedMultimap$WrappedList                  : loaded 2 times (x 205B)
Class [Lorg.objectweb.asm.AnnotationWriter;                                           : loaded 2 times (x 69B)
Class com.google.common.collect.Maps$8                                                : loaded 2 times (x 82B)
Class [Lcom.google.common.collect.Iterators$EmptyModifiableIterator;                  : loaded 2 times (x 69B)
Class com.google.common.collect.Sets$SetView                                          : loaded 2 times (x 138B)
Class com.google.common.cache.LocalCache$StrongValueReference                         : loaded 2 times (x 90B)
Class com.google.common.graph.SuccessorsFunction                                      : loaded 2 times (x 70B)
Class org.objectweb.asm.Type                                                          : loaded 2 times (x 72B)
Class org.gradle.internal.classloader.VisitableURLClassLoader$InstrumentingVisitableURLClassLoader: loaded 2 times (x 123B)
Class com.google.common.collect.MapMakerInternalMap$StrongKeyDummyValueEntry$Helper   : loaded 2 times (x 79B)
Class com.google.common.io.Files$FileByteSink                                         : loaded 2 times (x 77B)
Class com.google.common.math.IntMath$1                                                : loaded 2 times (x 71B)
Class org.objectweb.asm.ByteVector                                                    : loaded 2 times (x 79B)
Class [Lcom.google.common.cache.CacheBuilder$NullListener;                            : loaded 2 times (x 69B)
Class org.gradle.internal.classloader.VisitableURLClassLoader$Spec                    : loaded 2 times (x 74B)
Class org.gradle.internal.classpath.DefaultClassPath                                  : loaded 2 times (x 90B)
Class com.google.common.reflect.Types$ClassOwnership                                  : loaded 2 times (x 80B)
Class com.google.common.base.AbstractIterator                                         : loaded 2 times (x 80B)
Class org.objectweb.asm.Symbol                                                        : loaded 2 times (x 73B)
Class com.google.common.io.Closer                                                     : loaded 2 times (x 78B)
Class com.google.common.base.CharMatcher$BitSetMatcher                                : loaded 2 times (x 112B)
Class com.google.common.collect.RegularImmutableMap$Values                            : loaded 2 times (x 207B)
Class com.google.common.collect.ImmutableSet                                          : loaded 2 times (x 145B)
Class org.gradle.internal.classloader.ClassLoaderSpec                                 : loaded 2 times (x 71B)
Class org.objectweb.asm.AnnotationWriter                                              : loaded 2 times (x 79B)
Class com.google.common.cache.CacheStats                                              : loaded 2 times (x 71B)
Class com.google.common.collect.Interners                                             : loaded 2 times (x 71B)
Class com.google.common.io.Closer$Suppressor                                          : loaded 2 times (x 70B)
Class com.google.common.io.LineProcessor                                              : loaded 2 times (x 70B)
Class org.objectweb.asm.RecordComponentWriter                                         : loaded 2 times (x 78B)
Class com.google.common.util.concurrent.AbstractFuture$Listener                       : loaded 2 times (x 72B)
Class com.google.common.base.CharMatcher$Or                                           : loaded 2 times (x 112B)
Class Settings_gradle$1$1                                                             : loaded 2 times (x 74B)
Class org.objectweb.asm.Attribute                                                     : loaded 2 times (x 77B)
Class com.google.common.base.Supplier                                                 : loaded 2 times (x 70B)
Class org.gradle.internal.classloader.VisitableURLClassLoader                         : loaded 2 times (x 117B)
Class Settings_gradle                                                                 : loaded 2 times (x 124B)
Class org.gradle.internal.Cast                                                        : loaded 2 times (x 71B)
Class org.gradle.api.Action                                                           : loaded 2 times (x 70B)
Class com.google.common.collect.MapMakerInternalMap                                   : loaded 2 times (x 161B)
Class com.google.common.base.Strings                                                  : loaded 2 times (x 71B)
Class com.google.common.collect.Sets                                                  : loaded 2 times (x 71B)
Class org.objectweb.asm.Handler                                                       : loaded 2 times (x 72B)
Class com.google.common.base.CharMatcher$FastMatcher                                  : loaded 2 times (x 111B)
Class com.google.common.base.Ticker                                                   : loaded 2 times (x 72B)
Class [Lcom.google.common.cache.LocalCache$Segment;                                   : loaded 2 times (x 69B)
Class com.google.common.base.Predicate                                                : loaded 2 times (x 70B)
Class [Lcom.google.common.cache.LocalCache$Strength;                                  : loaded 2 times (x 69B)
Class com.google.common.cache.CacheBuilder$1                                          : loaded 2 times (x 85B)
Class com.google.common.collect.ImmutableMap                                          : loaded 2 times (x 120B)
Class org.gradle.internal.classpath.DefaultClassPath$ImmutableUniqueList$Builder      : loaded 2 times (x 75B)
Class com.google.common.collect.MapMakerInternalMap$WeakValueReference                : loaded 2 times (x 70B)
Class com.google.common.base.CharMatcher$NegatedFastMatcher                           : loaded 2 times (x 113B)
Class com.google.common.cache.LocalCache                                              : loaded 2 times (x 187B)
Class com.google.common.cache.CacheBuilder$2                                          : loaded 2 times (x 79B)
Class com.google.common.collect.ArrayListMultimap                                     : loaded 2 times (x 172B)
Class com.google.common.cache.CacheBuilder$3                                          : loaded 2 times (x 72B)
Class [Lcom.google.common.collect.AbstractMapEntry;                                   : loaded 2 times (x 69B)
Class com.google.common.collect.ImmutableEntry                                        : loaded 2 times (x 82B)
Class org.gradle.api.GradleException                                                  : loaded 2 times (x 82B)
Class com.google.common.collect.CollectPreconditions                                  : loaded 2 times (x 71B)
Class [Lcom.google.common.collect.MapMakerInternalMap$Strength;                       : loaded 2 times (x 69B)
Class [Lcom.google.common.io.FileWriteMode;                                           : loaded 2 times (x 69B)
Class com.google.common.collect.SortedMapDifference                                   : loaded 2 times (x 70B)
Class ijJvmDebugger1_cczc8vxz7m3kxxnoaqupzk0hw$_run_closure1                          : loaded 2 times (x 139B)
Class com.google.common.collect.MapMakerInternalMap$StrongKeyDummyValueSegment        : loaded 2 times (x 142B)
Class com.google.common.io.Files                                                      : loaded 2 times (x 71B)
Class com.google.common.cache.LocalCache$WriteThroughEntry                            : loaded 2 times (x 79B)
Class com.google.common.cache.LocalCache$HashIterator                                 : loaded 2 times (x 86B)
Class com.google.common.cache.LocalCache$EntryFactory                                 : loaded 2 times (x 83B)
Class com.google.common.reflect.Types$NativeTypeVariableEquals                        : loaded 2 times (x 71B)
Class com.google.common.reflect.TypeParameter                                         : loaded 2 times (x 72B)
Class [Lcom.google.common.collect.MapMaker$Dummy;                                     : loaded 2 times (x 69B)
Class com.google.common.base.CharMatcher$Whitespace                                   : loaded 2 times (x 112B)
Class com.google.common.cache.LocalCache$AbstractReferenceEntry                       : loaded 2 times (x 107B)
Class org.gradle.internal.IoActions                                                   : loaded 2 times (x 71B)
Class com.google.common.collect.ImmutableMapKeySet                                    : loaded 2 times (x 152B)
Class org.objectweb.asm.SymbolTable                                                   : loaded 2 times (x 72B)
Class com.google.common.cache.CacheLoader$InvalidCacheLoadException                   : loaded 2 times (x 82B)
Class com.google.common.collect.ImmutableSet$RegularSetBuilderImpl                    : loaded 2 times (x 77B)
Class org.gradle.internal.classloader.SystemClassLoaderSpec                           : loaded 2 times (x 71B)
Class com.google.common.cache.LocalCache$StrongEntry                                  : loaded 2 times (x 108B)
Class com.google.common.util.concurrent.AbstractFuture$TrustedFuture                  : loaded 2 times (x 114B)
Class com.google.common.cache.LoadingCache                                            : loaded 2 times (x 70B)
Class org.objectweb.asm.MethodWriter                                                  : loaded 2 times (x 106B)
Class [Lcom.google.common.cache.Weigher;                                              : loaded 2 times (x 69B)
Class com.google.common.collect.RegularImmutableMap$BucketOverflowException           : loaded 2 times (x 82B)
Class com.google.common.collect.AbstractMapBasedMultimap$RandomAccessWrappedList      : loaded 2 times (x 205B)
Class com.google.common.reflect.Types$JavaVersion$1                                   : loaded 2 times (x 83B)
Class com.google.common.collect.RegularImmutableBiMap                                 : loaded 2 times (x 149B)
Class com.google.common.base.CharMatcher$Negated                                      : loaded 2 times (x 113B)
Class com.google.common.base.CharMatcher$Is                                           : loaded 2 times (x 111B)
Class com.google.common.cache.LocalCache$ValueReference                               : loaded 2 times (x 70B)
Class com.google.common.reflect.Types$JavaVersion$2                                   : loaded 2 times (x 83B)
Class com.google.common.reflect.Types                                                 : loaded 2 times (x 71B)
Class com.google.common.hash.PrimitiveSink                                            : loaded 2 times (x 70B)
Class com.google.common.base.PatternCompiler                                          : loaded 2 times (x 70B)
Class com.google.common.util.concurrent.AbstractFuture$Failure                        : loaded 2 times (x 72B)
Class com.google.common.base.Equivalence$Equals                                       : loaded 2 times (x 82B)
Class com.google.common.collect.Hashing                                               : loaded 2 times (x 71B)
Class com.google.common.base.Preconditions                                            : loaded 2 times (x 71B)
Class com.google.common.reflect.Types$JavaVersion$3                                   : loaded 2 times (x 83B)
Class com.google.common.collect.ImmutableSetMultimap                                  : loaded 2 times (x 180B)
Class com.google.common.io.CharSink                                                   : loaded 2 times (x 79B)
Class com.google.common.base.Joiner$1                                                 : loaded 2 times (x 80B)
Class org.objectweb.asm.Label                                                         : loaded 2 times (x 73B)
Class org.objectweb.asm.CurrentFrame                                                  : loaded 2 times (x 73B)
Class org.objectweb.asm.ClassTooLargeException                                        : loaded 2 times (x 83B)
Class com.google.common.base.CharMatcher                                              : loaded 2 times (x 111B)
Class com.google.common.collect.PeekingIterator                                       : loaded 2 times (x 70B)
Class com.google.common.reflect.Types$JavaVersion$4                                   : loaded 2 times (x 83B)
Class com.google.common.collect.MapMakerInternalMap$InternalEntryHelper               : loaded 2 times (x 70B)
Class com.google.common.collect.Table                                                 : loaded 2 times (x 70B)
Class com.google.common.collect.Maps$IteratorBasedAbstractMap                         : loaded 2 times (x 125B)
Class com.google.common.base.Joiner$2                                                 : loaded 2 times (x 79B)
Class org.objectweb.asm.Frame                                                         : loaded 2 times (x 73B)
Class org.objectweb.asm.MethodVisitor                                                 : loaded 2 times (x 105B)
Class com.google.common.base.CharMatcher$NamedFastMatcher                             : loaded 2 times (x 112B)
Class com.google.common.base.CharMatcher$1                                            : loaded 2 times (x 113B)
Class com.google.common.cache.LocalCache$EntryFactory$1                               : loaded 2 times (x 83B)
Class [Lcom.google.common.cache.RemovalListener;                                      : loaded 2 times (x 69B)
Class com.google.common.reflect.Types$JavaVersion$5                                   : loaded 2 times (x 71B)
Class [Lcom.google.common.reflect.Types$ClassOwnership;                               : loaded 2 times (x 69B)
Class com.google.common.cache.LocalCache$EntryFactory$2                               : loaded 2 times (x 83B)
Class org.gradle.api.internal.classpath.GlobalCacheRootsProvider                      : loaded 2 times (x 70B)
Class org.objectweb.asm.ModuleWriter                                                  : loaded 2 times (x 82B)
Class com.google.common.cache.LocalCache$EntryFactory$3                               : loaded 2 times (x 83B)
Class com.google.common.base.Ticker$1                                                 : loaded 2 times (x 72B)
Class com.google.common.collect.Maps$BiMapConverter                                   : loaded 2 times (x 90B)
Class com.google.common.collect.ImmutableMapEntrySet$RegularEntrySet                  : loaded 2 times (x 152B)
Class com.google.common.collect.SetMultimap                                           : loaded 2 times (x 70B)
Class com.google.common.collect.ImmutableSet$Builder                                  : loaded 2 times (x 85B)
Class com.google.common.base.CharMatcher$InRange                                      : loaded 2 times (x 111B)
Class com.google.common.cache.LocalCache$EntryFactory$4                               : loaded 2 times (x 83B)
Class com.google.common.cache.LocalCache$EntryFactory$5                               : loaded 2 times (x 83B)
Class com.google.common.base.PairwiseEquivalence                                      : loaded 2 times (x 83B)
Class com.google.common.cache.LocalCache$EntryFactory$6                               : loaded 2 times (x 83B)
Class org.gradle.internal.installation.CurrentGradleInstallationLocator               : loaded 2 times (x 71B)
Class com.google.common.collect.Maps$KeySet                                           : loaded 2 times (x 137B)
Class com.google.common.collect.ImmutableSet$EmptySetBuilderImpl                      : loaded 2 times (x 76B)
Class com.google.common.cache.LocalCache$EntryFactory$7                               : loaded 2 times (x 83B)
Class com.google.common.collect.ImmutableList                                         : loaded 2 times (x 206B)
Class org.gradle.internal.service.DefaultServiceLocator                               : loaded 2 times (x 83B)
Class com.google.common.collect.Maps$EntrySet                                         : loaded 2 times (x 136B)
Class com.google.common.cache.LocalCache$EntryFactory$8                               : loaded 2 times (x 83B)
Class com.google.common.collect.ImmutableSet$SetBuilderImpl                           : loaded 2 times (x 76B)
Class org.gradle.internal.installation.CurrentGradleInstallation                      : loaded 2 times (x 73B)
Class com.google.common.cache.CacheLoader$1                                           : loaded 2 times (x 75B)
Class com.google.common.collect.ForwardingObject                                      : loaded 2 times (x 72B)
Class com.google.common.collect.ImmutableList$SubList                                 : loaded 2 times (x 209B)
Class org.gradle.util.internal.GUtil                                                  : loaded 2 times (x 71B)
Class com.google.common.io.ByteSource                                                 : loaded 2 times (x 84B)
Class com.google.common.cache.AbstractCache$StatsCounter                              : loaded 2 times (x 70B)
Class com.google.common.reflect.Types$TypeVariableImpl                                : loaded 2 times (x 72B)
Class com.google.common.collect.MapMakerInternalMap$1                                 : loaded 2 times (x 83B)
Class com.google.common.collect.Iterators$MergingIterator                             : loaded 2 times (x 81B)
Class com.google.common.collect.RegularImmutableSet                                   : loaded 2 times (x 149B)
Class org.gradle.internal.installation.GradleInstallation                             : loaded 2 times (x 75B)
Class com.google.common.base.Splitter$Strategy                                        : loaded 2 times (x 70B)
Class com.google.common.collect.Iterables                                             : loaded 2 times (x 71B)

---------------  S Y S T E M  ---------------

OS:
 Windows 11 , 64 bit Build 26100 (10.0.26100.8328)
OS uptime: 1 days 16:44 hours

CPU: total 2 (initial active 2) (2 cores per cpu, 1 threads per core) family 23 model 24 stepping 1 microcode 0x8108109, cx8, cmov, fxsr, mmx, 3dnowpref, sse, sse2, sse3, ssse3, sse4a, sse4.1, sse4.2, popcnt, lzcnt, tsc, tscinvbit, avx, avx2, aes, clmul, bmi1, bmi2, adx, sha, fma, vzeroupper, clflush, clflushopt, rdtscp, f16c
Processor Information for the first 2 processors :
  Max Mhz: 2300, Current Mhz: 2300, Mhz Limit: 2300

Memory: 4k page, system-wide physical 3500M (138M free)
TotalPageFile size 14252M (AvailPageFile size 18M)
current process WorkingSet (physical memory assigned to process): 450M, peak: 450M
current process commit charge ("private bytes"): 634M, peak: 635M

vm_info: OpenJDK 64-Bit Server VM (21.0.10+-14961533-b1163.108) for windows-amd64 JRE (21.0.10+-14961533-b1163.108), built on 2026-03-02T19:58:50Z by "builder" with MS VC++ 16.10 / 16.11 (VS2019)

END.
